ISO-10303-21;
HEADER;
FILE_DESCRIPTION(('ViewDefinition [CoordinationView_V2.0]','RevitIdentifiers [ContentGUID: 9bb5af24-66ed-49d1-8530-ce28c5351793, VersionGUID: 3e591937-5cba-470b-ba0e-bb43b2208bcd, NumberOfSaves: 7]','CoordinateReference [CoordinateBase: Coordenadas compartilhadas]'),'2;1');
FILE_NAME('Projeto_casa_Infracore.ifc','2026-03-24T22:09:57-03:00',(''),(''),'ODA SDAI 24.6','Autodesk Revit 24.3.30.11 (PTB) - IFC 24.3.30.11','');
FILE_SCHEMA(('IFC2X3'));
ENDSEC;

DATA;
#1=IFCORGANIZATION($,'Autodesk Revit 2024 (PTB)',$,$,$);
#2=IFCAPPLICATION(#1,'2024','Autodesk Revit 2024 (PTB)','Revit');
#3=IFCCARTESIANPOINT((0.,0.,0.));
#4=IFCCARTESIANPOINT((0.,0.));
#5=IFCDIRECTION((1.,0.,0.));
#6=IFCDIRECTION((-1.,0.,0.));
#7=IFCDIRECTION((0.,1.,0.));
#8=IFCDIRECTION((0.,-1.,0.));
#9=IFCDIRECTION((0.,0.,1.));
#10=IFCDIRECTION((0.,0.,-1.));
#11=IFCDIRECTION((1.,0.));
#12=IFCDIRECTION((-1.,0.));
#13=IFCDIRECTION((0.,1.));
#14=IFCDIRECTION((0.,-1.));
#15=IFCPERSON($,'','miguellucaslopesdequeirozmigue',$,$,$,$,$);
#16=IFCORGANIZATION($,'','',$,$);
#17=IFCPERSONANDORGANIZATION(#15,#16,$);
#18=IFCOWNERHISTORY(#17,#2,$,.NOCHANGE.,$,$,$,1747998700);
#19=IFCSIUNIT(*,.LENGTHUNIT.,$,.METRE.);
#20=IFCAXIS2PLACEMENT3D(#3,$,$);
#21=IFCDIRECTION((6.1230317691118863E-17,1.));
#22=IFCGEOMETRICREPRESENTATIONCONTEXT($,'Model',3,1.0000000000000001E-05,#20,#21);
#23=IFCGEOMETRICREPRESENTATIONSUBCONTEXT('Axis','Model',*,*,*,*,#22,$,.GRAPH_VIEW.,$);
#24=IFCGEOMETRICREPRESENTATIONSUBCONTEXT('Body','Model',*,*,*,*,#22,$,.MODEL_VIEW.,$);
#25=IFCGEOMETRICREPRESENTATIONSUBCONTEXT('Box','Model',*,*,*,*,#22,$,.MODEL_VIEW.,$);
#26=IFCGEOMETRICREPRESENTATIONSUBCONTEXT('FootPrint','Model',*,*,*,*,#22,$,.MODEL_VIEW.,$);
#27=IFCPROJECT('2RjQyaPkr9qOKmpYWwokXZ',#18,'0001',$,$,'Nome do projeto','Status do projeto',(#22),#2499);
#28=IFCCLASSIFICATION('CSI (Construction Specifications Institute)','1998',$,'Uniformat');
#29=IFCAXIS2PLACEMENT3D(#3,$,$);
#30=IFCLOCALPLACEMENT(#45,#29);
#31=IFCPOSTALADDRESS($,$,$,$,('Insira aqui o endere\X\E7o'),$,'','Bras\X\EDlia','','Brasil');
#32=IFCBUILDING('2RjQyaPkr9qOKmpYWwokXY',#18,'',$,$,#30,$,'',.ELEMENT.,$,$,#31);
#33=IFCCARTESIANPOINT((0.,0.,-1.));
#34=IFCAXIS2PLACEMENT3D(#33,$,$);
#35=IFCLOCALPLACEMENT(#30,#34);
#36=IFCBUILDINGSTOREY('35nurmKjD58BHZDp_RRCNV',#18,'Funda\X\E7\X\E3o',$,'N\X\EDvel:Cabe\X\E7a de 8 mm',#35,$,'Funda\X\E7\X\E3o',.ELEMENT.,-1.);
#37=IFCAXIS2PLACEMENT3D(#3,$,$);
#38=IFCLOCALPLACEMENT(#30,#37);
#39=IFCBUILDINGSTOREY('1qv6ynVKX7xf87anS8vNi1',#18,'terreo',$,'N\X\EDvel:Cabe\X\E7a de 8 mm',#38,$,'terreo',.ELEMENT.,0.);
#40=IFCCARTESIANPOINT((0.,0.,3.));
#41=IFCAXIS2PLACEMENT3D(#40,$,$);
#42=IFCLOCALPLACEMENT(#30,#41);
#43=IFCBUILDINGSTOREY('1qv6ynVKX7xf87anS8vN2n',#18,'cobertura',$,'N\X\EDvel:Cabe\X\E7a de 8 mm',#42,$,'cobertura',.ELEMENT.,3.0000000000000004);
#44=IFCAXIS2PLACEMENT3D(#3,$,$);
#45=IFCLOCALPLACEMENT($,#44);
#46=IFCSITE('2RjQyaPkr9qOKmpYWwokXX',#18,'Default',$,$,#45,$,$,.ELEMENT.,(-15,-52,0,-120620),(-47,-55,0,-114440),0.,$,$);
#47=IFCAXIS2PLACEMENT3D(#3,$,$);
#49=IFCCARTESIANPOINT((-2.7061686225238191E-16,0.));
#50=IFCAXIS2PLACEMENT2D(#49,#11);
#51=IFCRECTANGLEPROFILEDEF(.AREA.,'15 x 30',#50,0.14999999999999947,0.30000000000000004);
#52=IFCCARTESIANPOINT((-3.1181483843357842,4.9486477399233282,0.));
#53=IFCAXIS2PLACEMENT3D(#52,#9,#8);
#54=IFCEXTRUDEDAREASOLID(#51,#53,#9,3.0000000000000004);
#55=IFCSIUNIT(*,.PLANEANGLEUNIT.,$,.RADIAN.);
#56=IFCDIMENSIONALEXPONENTS(0,0,0,0,0,0,0);
#57=IFCMEASUREWITHUNIT(IFCPLANEANGLEMEASURE(0.017453292519943278),#55);
#58=IFCCONVERSIONBASEDUNIT(#56,.PLANEANGLEUNIT.,'DEGREE',#57);
#59=IFCSIUNIT(*,.AREAUNIT.,$,.SQUARE_METRE.);
#60=IFCCOLOURRGB($,0.75294117647058822,0.75294117647058822,0.75294117647058822);
#61=IFCSURFACESTYLERENDERING(#60,0.,$,$,$,$,IFCNORMALISEDRATIOMEASURE(0.5),IFCSPECULAREXPONENT(128.),.NOTDEFINED.);
#62=IFCSURFACESTYLE('Concreto, Moldado in loco, cinza',.BOTH.,(#61));
#63=IFCPRESENTATIONSTYLEASSIGNMENT((#62));
#64=IFCSTYLEDITEM(#54,(#63),$);
#65=IFCSHAPEREPRESENTATION(#24,'Body','SweptSolid',(#54));
#66=IFCAXIS2PLACEMENT3D(#3,$,$);
#67=IFCREPRESENTATIONMAP(#66,#65);
#68=IFCCOLUMNTYPE('2UX$xtUSnDH9TLco2Usm5A',#18,'M_Concreto-Retangular-Coluna:15 x 30',$,$,(#92),(#67),'467182',$,.COLUMN.);
#69=IFCMATERIAL('Concreto, Moldado in loco, cinza');
#70=IFCPRESENTATIONSTYLEASSIGNMENT((#62));
#71=IFCSTYLEDITEM($,(#70),$);
#72=IFCSTYLEDREPRESENTATION(#22,'Style','Material',(#71));
#73=IFCMATERIALDEFINITIONREPRESENTATION($,$,(#72),#69);
#74=IFCCARTESIANTRANSFORMATIONOPERATOR3D($,$,#3,1.,$);
#75=IFCMAPPEDITEM(#67,#74);
#76=IFCSHAPEREPRESENTATION(#24,'Body','MappedRepresentation',(#75));
#77=IFCPRODUCTDEFINITIONSHAPE($,$,(#76));
#78=IFCAXIS2PLACEMENT3D(#3,$,$);
#79=IFCLOCALPLACEMENT(#38,#78);
#80=IFCCOLUMN('2UX$xtUSnDH9TLao2Usm5A',#18,'M_Concreto-Retangular-Coluna:15 x 30:473278',$,'M_Concreto-Retangular-Coluna:15 x 30',#79,#77,'473278');
#81=IFCPROPERTYSINGLEVALUE('Reference',$,IFCIDENTIFIER('15 x 30'),$);
#82=IFCPROPERTYSINGLEVALUE('Slope',$,IFCPLANEANGLEMEASURE(0.),$);
#83=IFCPROPERTYSINGLEVALUE('IsExternal',$,IFCBOOLEAN(.F.),$);
#84=IFCPROPERTYSINGLEVALUE('LoadBearing',$,IFCBOOLEAN(.T.),$);
#85=IFCPROPERTYSET('0dhatag8zcgGwiF3xSgaDw',#18,'Pset_ColumnCommon',$,(#81,#82,#83,#84));
#86=IFCPROPERTYSET('3URJncB1fT5CcWMWrN0saD',#18,'Pset_QuantityTakeOff',$,(#81));
#87=IFCPROPERTYSINGLEVALUE('Reference',$,IFCLABEL('15 x 30'),$);
#88=IFCPROPERTYSET('1aeCLQIEHYwCSNpgsUT_fj',#18,'Pset_ReinforcementBarPitchOfColumn',$,(#87));
#89=IFCRELDEFINESBYPROPERTIES('35d5VDG4KN5_eQLQ5EoPNd',#18,$,$,(#80),#85);
#90=IFCRELDEFINESBYPROPERTIES('2MPaAed2twNxIuhrjmVGIj',#18,$,$,(#80),#86);
#91=IFCRELDEFINESBYPROPERTIES('3lp1Ovs$qEH0psg0wPmn0I',#18,$,$,(#80),#88);
#92=IFCPROPERTYSET('0e$z12Y6_Vmthjf6FTRQov',#18,'Pset_ColumnCommon',$,(#84));
#93=IFCAXIS2PLACEMENT3D(#3,$,$);
#95=IFCCARTESIANPOINT((0.,0.));
#96=IFCAXIS2PLACEMENT2D(#95,#11);
#97=IFCRECTANGLEPROFILEDEF(.AREA.,'15 x 30',#96,0.15000000000000002,0.30000000000000004);
#98=IFCCARTESIANPOINT((-3.1181483843357842,1.4986477384331536,0.));
#99=IFCAXIS2PLACEMENT3D(#98,#9,#8);
#100=IFCEXTRUDEDAREASOLID(#97,#99,#9,3.0000000000000004);
#101=IFCSTYLEDITEM(#100,(#63),$);
#102=IFCSHAPEREPRESENTATION(#24,'Body','SweptSolid',(#100));
#103=IFCAXIS2PLACEMENT3D(#3,$,$);
#104=IFCREPRESENTATIONMAP(#103,#102);
#105=IFCCOLUMNTYPE('2UX$xtUSnDH9TLco2UsmEE',#18,'M_Concreto-Retangular-Coluna:15 x 30',$,$,(#119),(#104),'467182',$,.COLUMN.);
#106=IFCMAPPEDITEM(#104,#74);
#107=IFCSHAPEREPRESENTATION(#24,'Body','MappedRepresentation',(#106));
#108=IFCPRODUCTDEFINITIONSHAPE($,$,(#107));
#109=IFCAXIS2PLACEMENT3D(#3,$,$);
#110=IFCLOCALPLACEMENT(#38,#109);
#111=IFCCOLUMN('2UX$xtUSnDH9TLao2UsmEE',#18,'M_Concreto-Retangular-Coluna:15 x 30:473722',$,'M_Concreto-Retangular-Coluna:15 x 30',#110,#108,'473722');
#112=IFCPROPERTYSET('0U2UWZgAFue606r4eQs2Kz',#18,'Pset_ColumnCommon',$,(#81,#83,#84));
#113=IFCPROPERTYSET('3lRz2rZ2axeJtaRYyhyFI3',#18,'Pset_QuantityTakeOff',$,(#81));
#114=IFCPROPERTYSINGLEVALUE('Reference',$,IFCLABEL('15 x 30'),$);
#115=IFCPROPERTYSET('23ztfSOwXqYRV162h_Wk6G',#18,'Pset_ReinforcementBarPitchOfColumn',$,(#114));
#116=IFCRELDEFINESBYPROPERTIES('35Xb$MJpbQwGChPrVAA6gA',#18,$,$,(#111),#112);
#117=IFCRELDEFINESBYPROPERTIES('1P18lkSibgnVEXgC9pXBMV',#18,$,$,(#111),#113);
#118=IFCRELDEFINESBYPROPERTIES('27iGzZE_FO1sc$wetevi3_',#18,$,$,(#111),#115);
#119=IFCPROPERTYSET('1KGzJM$iXbjBUBTBaQ61a9',#18,'Pset_ColumnCommon',$,(#84));
#120=IFCAXIS2PLACEMENT3D(#3,$,$);
#122=IFCCARTESIANPOINT((5.4123372450476381E-16,0.));
#123=IFCAXIS2PLACEMENT2D(#122,#11);
#124=IFCRECTANGLEPROFILEDEF(.AREA.,'15 x 30',#123,0.15000000000000002,0.30000000000000004);
#125=IFCCARTESIANPOINT((-3.1181483843357842,-2.6513522619394139,0.));
#126=IFCAXIS2PLACEMENT3D(#125,#9,#8);
#127=IFCEXTRUDEDAREASOLID(#124,#126,#9,3.0000000000000004);
#128=IFCSTYLEDITEM(#127,(#63),$);
#129=IFCSHAPEREPRESENTATION(#24,'Body','SweptSolid',(#127));
#130=IFCAXIS2PLACEMENT3D(#3,$,$);
#131=IFCREPRESENTATIONMAP(#130,#129);
#132=IFCCOLUMNTYPE('2UX$xtUSnDH9TLco2Usm8p',#18,'M_Concreto-Retangular-Coluna:15 x 30',$,$,(#146),(#131),'467182',$,.COLUMN.);
#133=IFCMAPPEDITEM(#131,#74);
#134=IFCSHAPEREPRESENTATION(#24,'Body','MappedRepresentation',(#133));
#135=IFCPRODUCTDEFINITIONSHAPE($,$,(#134));
#136=IFCAXIS2PLACEMENT3D(#3,$,$);
#137=IFCLOCALPLACEMENT(#38,#136);
#138=IFCCOLUMN('2UX$xtUSnDH9TLao2Usm8p',#18,'M_Concreto-Retangular-Coluna:15 x 30:474055',$,'M_Concreto-Retangular-Coluna:15 x 30',#137,#135,'474055');
#139=IFCPROPERTYSET('2_xI68jQsjYeAuenZPOj0p',#18,'Pset_ColumnCommon',$,(#81,#83,#84));
#140=IFCPROPERTYSET('1evwgxnGF7M8whKA2HwQlV',#18,'Pset_QuantityTakeOff',$,(#81));
#141=IFCPROPERTYSINGLEVALUE('Reference',$,IFCLABEL('15 x 30'),$);
#142=IFCPROPERTYSET('09XeAS1q7pEnmUqEzhzqzC',#18,'Pset_ReinforcementBarPitchOfColumn',$,(#141));
#143=IFCRELDEFINESBYPROPERTIES('1WMaXy4208pAoSEuRHQOiH',#18,$,$,(#138),#139);
#144=IFCRELDEFINESBYPROPERTIES('3nD5O7LqXQjNSXvYVT0KWy',#18,$,$,(#138),#140);
#145=IFCRELDEFINESBYPROPERTIES('1iJOL1prfRMpFXj_UfmuGS',#18,$,$,(#138),#142);
#146=IFCPROPERTYSET('1qPUKLwvldGrCZegbM$9PO',#18,'Pset_ColumnCommon',$,(#84));
#147=IFCAXIS2PLACEMENT3D(#3,$,$);
#149=IFCCARTESIANPOINT((0.,5.4123372450476381E-16));
#150=IFCAXIS2PLACEMENT2D(#149,#11);
#151=IFCRECTANGLEPROFILEDEF(.AREA.,'15 x 30',#150,0.14999999999999994,0.30000000000000004);
#152=IFCCARTESIANPOINT((-0.043148384487339389,5.5736477391782397,0.));
#153=IFCAXIS2PLACEMENT3D(#152,#9,#6);
#154=IFCEXTRUDEDAREASOLID(#151,#153,#9,3.0000000000000004);
#155=IFCSTYLEDITEM(#154,(#63),$);
#156=IFCSHAPEREPRESENTATION(#24,'Body','SweptSolid',(#154));
#157=IFCAXIS2PLACEMENT3D(#3,$,$);
#158=IFCREPRESENTATIONMAP(#157,#156);
#159=IFCCOLUMNTYPE('2UX$xtUSnDH9TLco2UsmIW',#18,'M_Concreto-Retangular-Coluna:15 x 30',$,$,(#173),(#158),'467182',$,.COLUMN.);
#160=IFCMAPPEDITEM(#158,#74);
#161=IFCSHAPEREPRESENTATION(#24,'Body','MappedRepresentation',(#160));
#162=IFCPRODUCTDEFINITIONSHAPE($,$,(#161));
#163=IFCAXIS2PLACEMENT3D(#3,$,$);
#164=IFCLOCALPLACEMENT(#38,#163);
#165=IFCCOLUMN('2UX$xtUSnDH9TLao2UsmIW',#18,'M_Concreto-Retangular-Coluna:15 x 30:474452',$,'M_Concreto-Retangular-Coluna:15 x 30',#164,#162,'474452');
#166=IFCPROPERTYSET('0neK22noybNIfrtQ_qZfNB',#18,'Pset_ColumnCommon',$,(#81,#82,#83,#84));
#167=IFCPROPERTYSET('0v3Bm3ZEJg7bcGcv79S3Cr',#18,'Pset_QuantityTakeOff',$,(#81));
#168=IFCPROPERTYSINGLEVALUE('Reference',$,IFCLABEL('15 x 30'),$);
#169=IFCPROPERTYSET('0mrMFgo6WzMGsKOszemxWu',#18,'Pset_ReinforcementBarPitchOfColumn',$,(#168));
#170=IFCRELDEFINESBYPROPERTIES('0tdOxTG5RwZX4VM$0$y$dY',#18,$,$,(#165),#166);
#171=IFCRELDEFINESBYPROPERTIES('14VeGMp1yXbO8419TFbwkh',#18,$,$,(#165),#167);
#172=IFCRELDEFINESBYPROPERTIES('0$TEhMDhNvpjXJtRU2NdLc',#18,$,$,(#165),#169);
#173=IFCPROPERTYSET('1SL4AoAwDmGK2UJBvFTsx4',#18,'Pset_ColumnCommon',$,(#84));
#174=IFCAXIS2PLACEMENT3D(#3,$,$);
#176=IFCCARTESIANPOINT((5.4123372450476381E-16,0.));
#177=IFCAXIS2PLACEMENT2D(#176,#11);
#178=IFCRECTANGLEPROFILEDEF(.AREA.,'15 x 30',#177,0.14999999999999947,0.30000000000000004);
#179=IFCCARTESIANPOINT((3.0318516154720481,5.6486477388057219,0.));
#180=IFCAXIS2PLACEMENT3D(#179,#9,#8);
#181=IFCEXTRUDEDAREASOLID(#178,#180,#9,3.0000000000000004);
#182=IFCSTYLEDITEM(#181,(#63),$);
#183=IFCSHAPEREPRESENTATION(#24,'Body','SweptSolid',(#181));
#184=IFCAXIS2PLACEMENT3D(#3,$,$);
#185=IFCREPRESENTATIONMAP(#184,#183);
#186=IFCCOLUMNTYPE('2UX$xtUSnDH9TLco2Ustkm',#18,'M_Concreto-Retangular-Coluna:15 x 30',$,$,(#200),(#185),'467182',$,.COLUMN.);
#187=IFCMAPPEDITEM(#185,#74);
#188=IFCSHAPEREPRESENTATION(#24,'Body','MappedRepresentation',(#187));
#189=IFCPRODUCTDEFINITIONSHAPE($,$,(#188));
#190=IFCAXIS2PLACEMENT3D(#3,$,$);
#191=IFCLOCALPLACEMENT(#38,#190);
#192=IFCCOLUMN('2UX$xtUSnDH9TLao2Ustkm',#18,'M_Concreto-Retangular-Coluna:15 x 30:475716',$,'M_Concreto-Retangular-Coluna:15 x 30',#191,#189,'475716');
#193=IFCPROPERTYSET('0_T2yf5Dg7VvazTqrh_M9R',#18,'Pset_ColumnCommon',$,(#81,#83,#84));
#194=IFCPROPERTYSET('0jXOuYWmlelsmD7m7721pW',#18,'Pset_QuantityTakeOff',$,(#81));
#195=IFCPROPERTYSINGLEVALUE('Reference',$,IFCLABEL('15 x 30'),$);
#196=IFCPROPERTYSET('3r4EKQBVia$qrsonoPyCGM',#18,'Pset_ReinforcementBarPitchOfColumn',$,(#195));
#197=IFCRELDEFINESBYPROPERTIES('1AlDYYcH3y7aqtYKxRBDAq',#18,$,$,(#192),#193);
#198=IFCRELDEFINESBYPROPERTIES('1rv$Ky17l5IaPoQsyHG6_e',#18,$,$,(#192),#194);
#199=IFCRELDEFINESBYPROPERTIES('08RaDn8ru$hM3kRZ0JdNBF',#18,$,$,(#192),#196);
#200=IFCPROPERTYSET('0CHQpqClTi3ngxLN1FPPZJ',#18,'Pset_ColumnCommon',$,(#84));
#201=IFCAXIS2PLACEMENT3D(#3,$,$);
#203=IFCCARTESIANPOINT((0.,0.));
#204=IFCAXIS2PLACEMENT2D(#203,#11);
#205=IFCRECTANGLEPROFILEDEF(.AREA.,'15 x 30',#204,0.14999999999999994,0.30000000000000004);
#206=IFCCARTESIANPOINT((-0.043148384487339389,1.4986477384331536,0.));
#207=IFCAXIS2PLACEMENT3D(#206,#9,#6);
#208=IFCEXTRUDEDAREASOLID(#205,#207,#9,3.0000000000000004);
#209=IFCSTYLEDITEM(#208,(#63),$);
#210=IFCSHAPEREPRESENTATION(#24,'Body','SweptSolid',(#208));
#211=IFCAXIS2PLACEMENT3D(#3,$,$);
#212=IFCREPRESENTATIONMAP(#211,#210);
#213=IFCCOLUMNTYPE('2UX$xtUSnDH9TLco2UstN0',#18,'M_Concreto-Retangular-Coluna:15 x 30',$,$,(#227),(#212),'467182',$,.COLUMN.);
#214=IFCMAPPEDITEM(#212,#74);
#215=IFCSHAPEREPRESENTATION(#24,'Body','MappedRepresentation',(#214));
#216=IFCPRODUCTDEFINITIONSHAPE($,$,(#215));
#217=IFCAXIS2PLACEMENT3D(#3,$,$);
#218=IFCLOCALPLACEMENT(#38,#217);
#219=IFCCOLUMN('2UX$xtUSnDH9TLao2UstN0',#18,'M_Concreto-Retangular-Coluna:15 x 30:478260',$,'M_Concreto-Retangular-Coluna:15 x 30',#218,#216,'478260');
#220=IFCPROPERTYSET('1Mrib1JXCnGPsowDyiZyFe',#18,'Pset_ColumnCommon',$,(#81,#82,#83,#84));
#221=IFCPROPERTYSET('3ntB1p8OZYIVNtE1W1SUU$',#18,'Pset_QuantityTakeOff',$,(#81));
#222=IFCPROPERTYSINGLEVALUE('Reference',$,IFCLABEL('15 x 30'),$);
#223=IFCPROPERTYSET('0WOcQDUbqckdDDGBHkbaRV',#18,'Pset_ReinforcementBarPitchOfColumn',$,(#222));
#224=IFCRELDEFINESBYPROPERTIES('1$lE2BT50HvKXq89f2ujDl',#18,$,$,(#219),#220);
#225=IFCRELDEFINESBYPROPERTIES('3PIlB6PzVND6qn7ARTyN1v',#18,$,$,(#219),#221);
#226=IFCRELDEFINESBYPROPERTIES('2WlhVHFh0crQDXXq4LWPFn',#18,$,$,(#219),#223);
#227=IFCPROPERTYSET('38b9s2dVh6TLhxIs_3qrrU',#18,'Pset_ColumnCommon',$,(#84));
#228=IFCAXIS2PLACEMENT3D(#3,$,$);
#230=IFCCARTESIANPOINT((-2.7061686225238191E-16,0.));
#231=IFCAXIS2PLACEMENT2D(#230,#11);
#232=IFCRECTANGLEPROFILEDEF(.AREA.,'15 x 30',#231,0.15000000000000002,0.30000000000000004);
#233=IFCCARTESIANPOINT((3.1068516154720607,1.4986477384331536,0.));
#234=IFCAXIS2PLACEMENT3D(#233,#9,#6);
#235=IFCEXTRUDEDAREASOLID(#232,#234,#9,3.0000000000000004);
#236=IFCSTYLEDITEM(#235,(#63),$);
#237=IFCSHAPEREPRESENTATION(#24,'Body','SweptSolid',(#235));
#238=IFCAXIS2PLACEMENT3D(#3,$,$);
#239=IFCREPRESENTATIONMAP(#238,#237);
#240=IFCCOLUMNTYPE('2UX$xtUSnDH9TLco2UstVq',#18,'M_Concreto-Retangular-Coluna:15 x 30',$,$,(#254),(#239),'467182',$,.COLUMN.);
#241=IFCMAPPEDITEM(#239,#74);
#242=IFCSHAPEREPRESENTATION(#24,'Body','MappedRepresentation',(#241));
#243=IFCPRODUCTDEFINITIONSHAPE($,$,(#242));
#244=IFCAXIS2PLACEMENT3D(#3,$,$);
#245=IFCLOCALPLACEMENT(#38,#244);
#246=IFCCOLUMN('2UX$xtUSnDH9TLao2UstVq',#18,'M_Concreto-Retangular-Coluna:15 x 30:478720',$,'M_Concreto-Retangular-Coluna:15 x 30',#245,#243,'478720');
#247=IFCPROPERTYSET('39EKQ_c8fq73n3yomJu8Z$',#18,'Pset_ColumnCommon',$,(#81,#83,#84));
#248=IFCPROPERTYSET('01RqPhjjxG1QyjJ_RcfTre',#18,'Pset_QuantityTakeOff',$,(#81));
#249=IFCPROPERTYSINGLEVALUE('Reference',$,IFCLABEL('15 x 30'),$);
#250=IFCPROPERTYSET('1vrecgjiXcjVIBWuRhS9nk',#18,'Pset_ReinforcementBarPitchOfColumn',$,(#249));
#251=IFCRELDEFINESBYPROPERTIES('2PY5MC0RNz3$pq4KfiU6qJ',#18,$,$,(#246),#247);
#252=IFCRELDEFINESBYPROPERTIES('1phOUccRcAnuq9Iofrw8sJ',#18,$,$,(#246),#248);
#253=IFCRELDEFINESBYPROPERTIES('3K5RThpo2csA9fusValoNJ',#18,$,$,(#246),#250);
#254=IFCPROPERTYSET('1Uh$Rta7GeD8MLJsuMNa7u',#18,'Pset_ColumnCommon',$,(#84));
#255=IFCAXIS2PLACEMENT3D(#3,$,$);
#257=IFCCARTESIANPOINT((5.4123372450476381E-16,0.));
#258=IFCAXIS2PLACEMENT2D(#257,#11);
#259=IFCRECTANGLEPROFILEDEF(.AREA.,'15 x 30',#258,0.15000000000000002,0.29999999999999988);
#260=IFCCARTESIANPOINT((0.03185161551264705,-2.6513522619394139,0.));
#261=IFCAXIS2PLACEMENT3D(#260,#9,#8);
#262=IFCEXTRUDEDAREASOLID(#259,#261,#9,3.0000000000000004);
#263=IFCSTYLEDITEM(#262,(#63),$);
#264=IFCSHAPEREPRESENTATION(#24,'Body','SweptSolid',(#262));
#265=IFCAXIS2PLACEMENT3D(#3,$,$);
#266=IFCREPRESENTATIONMAP(#265,#264);
#267=IFCCOLUMNTYPE('2UX$xtUSnDH9TLco2UstOR',#18,'M_Concreto-Retangular-Coluna:15 x 30',$,$,(#281),(#266),'467182',$,.COLUMN.);
#268=IFCMAPPEDITEM(#266,#74);
#269=IFCSHAPEREPRESENTATION(#24,'Body','MappedRepresentation',(#268));
#270=IFCPRODUCTDEFINITIONSHAPE($,$,(#269));
#271=IFCAXIS2PLACEMENT3D(#3,$,$);
#272=IFCLOCALPLACEMENT(#38,#271);
#273=IFCCOLUMN('2UX$xtUSnDH9TLao2UstOR',#18,'M_Concreto-Retangular-Coluna:15 x 30:479215',$,'M_Concreto-Retangular-Coluna:15 x 30',#272,#270,'479215');
#274=IFCPROPERTYSET('2j7yMfADcNO2YQP$gCB3wf',#18,'Pset_ColumnCommon',$,(#81,#83,#84));
#275=IFCPROPERTYSET('21XP0LDCf5eSkvFa$2L2C9',#18,'Pset_QuantityTakeOff',$,(#81));
#276=IFCPROPERTYSINGLEVALUE('Reference',$,IFCLABEL('15 x 30'),$);
#277=IFCPROPERTYSET('0O33ua2mJc3IYdi4CB64Gv',#18,'Pset_ReinforcementBarPitchOfColumn',$,(#276));
#278=IFCRELDEFINESBYPROPERTIES('1v6JGYUsitrDzpwJbFNiQp',#18,$,$,(#273),#274);
#279=IFCRELDEFINESBYPROPERTIES('2RHqgPvJXBeTGZcd2Jh6nG',#18,$,$,(#273),#275);
#280=IFCRELDEFINESBYPROPERTIES('3D8Npy4MsVtX_L8JThKF2c',#18,$,$,(#273),#277);
#281=IFCPROPERTYSET('2qHE5nC0_M3$msgTE0znSE',#18,'Pset_ColumnCommon',$,(#84));
#282=IFCAXIS2PLACEMENT3D(#3,$,$);
#284=IFCCARTESIANPOINT((-2.7061686225238191E-16,0.));
#285=IFCAXIS2PLACEMENT2D(#284,#11);
#286=IFCRECTANGLEPROFILEDEF(.AREA.,'15 x 30',#285,0.15000000000000002,0.30000000000000004);
#287=IFCCARTESIANPOINT((3.1068516154720607,-2.5763522619394141,0.));
#288=IFCAXIS2PLACEMENT3D(#287,#9,#6);
#289=IFCEXTRUDEDAREASOLID(#286,#288,#9,3.0000000000000004);
#290=IFCSTYLEDITEM(#289,(#63),$);
#291=IFCSHAPEREPRESENTATION(#24,'Body','SweptSolid',(#289));
#292=IFCAXIS2PLACEMENT3D(#3,$,$);
#293=IFCREPRESENTATIONMAP(#292,#291);
#294=IFCCOLUMNTYPE('2UX$xtUSnDH9TLco2UssZj',#18,'M_Concreto-Retangular-Coluna:15 x 30',$,$,(#308),(#293),'467182',$,.COLUMN.);
#295=IFCMAPPEDITEM(#293,#74);
#296=IFCSHAPEREPRESENTATION(#24,'Body','MappedRepresentation',(#295));
#297=IFCPRODUCTDEFINITIONSHAPE($,$,(#296));
#298=IFCAXIS2PLACEMENT3D(#3,$,$);
#299=IFCLOCALPLACEMENT(#38,#298);
#300=IFCCOLUMN('2UX$xtUSnDH9TLao2UssZj',#18,'M_Concreto-Retangular-Coluna:15 x 30:479513',$,'M_Concreto-Retangular-Coluna:15 x 30',#299,#297,'479513');
#301=IFCPROPERTYSET('2E4HYWlSwrT6fqKb5CYMP3',#18,'Pset_ColumnCommon',$,(#81,#83,#84));
#302=IFCPROPERTYSET('1xgNWxqgM8RkYa4cW4y88t',#18,'Pset_QuantityTakeOff',$,(#81));
#303=IFCPROPERTYSINGLEVALUE('Reference',$,IFCLABEL('15 x 30'),$);
#304=IFCPROPERTYSET('14jmAZY0TFcfeZGmMLRf5J',#18,'Pset_ReinforcementBarPitchOfColumn',$,(#303));
#305=IFCRELDEFINESBYPROPERTIES('0cUaueiEsUoJ_geNyXNvUG',#18,$,$,(#300),#301);
#306=IFCRELDEFINESBYPROPERTIES('15G9xr17$pBHCD56380Hfa',#18,$,$,(#300),#302);
#307=IFCRELDEFINESBYPROPERTIES('1Ha9EW3Jg5SXfqPlJtJdhF',#18,$,$,(#300),#304);
#308=IFCPROPERTYSET('3D9rKMnKq8EACnng$XIzZ8',#18,'Pset_ColumnCommon',$,(#84));
#309=IFCCARTESIANPOINT((-3.1181483843357842,4.94864773992333,0.));
#310=IFCAXIS2PLACEMENT3D(#400,$,$);
#311=IFCLOCALPLACEMENT(#38,#310);
#330=IFCCARTESIANPOINT((0.,0.2000000000000135,0.39999999999999991));
#331=IFCCARTESIANPOINT((0.,0.,0.39999999999999986));
#332=IFCCARTESIANPOINT((0.099999999999998937,0.,0.39999999999999991));
#333=IFCCARTESIANPOINT((0.099999999999998854,0.025000000000013678,0.39999999999999991));
#334=IFCCARTESIANPOINT((0.027000000006022082,0.02500000000001279,0.39999999999999991));
#335=IFCCARTESIANPOINT((0.027000000006021607,0.17500000000001492,0.39999999999999991));
#336=IFCCARTESIANPOINT((0.32700000000602142,0.17500000000001315,0.39999999999999991));
#337=IFCCARTESIANPOINT((0.3270000000060212,0.10000000000001474,0.39999999999999991));
#338=IFCCARTESIANPOINT((3.151999999854461,0.10000000000002363,0.39999999999999991));
#339=IFCCARTESIANPOINT((3.151999999854461,0.2000000000000135,0.39999999999999991));
#340=IFCPOLYLOOP((#330,#331,#332,#333,#334,#335,#336,#337,#338,#339));
#341=IFCFACEOUTERBOUND(#340,.T.);
#342=IFCFACE((#341));
#343=IFCCARTESIANPOINT((0.20000000000000256,0.,0.));
#344=IFCCARTESIANPOINT((3.151999999854461,0.,0.));
#345=IFCCARTESIANPOINT((3.151999999854461,0.,0.1000000000000017));
#346=IFCCARTESIANPOINT((0.20000000000000212,0.,0.1000000000000017));
#347=IFCCARTESIANPOINT((0.099999999999998937,0.,0.1000000000000017));
#348=IFCPOLYLOOP((#331,#3,#343,#344,#345,#346,#347,#332));
#349=IFCFACEOUTERBOUND(#348,.T.);
#350=IFCFACE((#349));
#351=IFCCARTESIANPOINT((0.,0.2000000000000135,0.));
#352=IFCCARTESIANPOINT((3.151999999854461,0.2000000000000135,0.));
#353=IFCCARTESIANPOINT((0.32700000000602142,0.17500000000001492,0.));
#354=IFCCARTESIANPOINT((0.027000000006021607,0.17500000000001403,0.));
#355=IFCCARTESIANPOINT((0.027000000006022082,0.02500000000001279,0.));
#356=IFCCARTESIANPOINT((0.32700000000602192,0.025000000000013678,0.));
#357=IFCPOLYLOOP((#3,#351,#352,#344,#343));
#358=IFCFACEOUTERBOUND(#357,.T.);
#359=IFCPOLYLOOP((#353,#354,#355,#356));
#360=IFCFACEBOUND(#359,.T.);
#361=IFCFACE((#358,#360));
#362=IFCPOLYLOOP((#351,#330,#339,#352));
#363=IFCFACEOUTERBOUND(#362,.T.);
#364=IFCFACE((#363));
#365=IFCCARTESIANPOINT((3.151999999854461,0.10000000000002451,0.1000000000000017));
#366=IFCPOLYLOOP((#344,#352,#339,#338,#365,#345));
#367=IFCFACEOUTERBOUND(#366,.T.);
#368=IFCFACE((#367));
#369=IFCPOLYLOOP((#331,#330,#351,#3));
#370=IFCFACEOUTERBOUND(#369,.T.);
#371=IFCFACE((#370));
#372=IFCPOLYLOOP((#353,#336,#335,#354));
#373=IFCFACEOUTERBOUND(#372,.T.);
#374=IFCFACE((#373));
#375=IFCCARTESIANPOINT((0.32700000000602192,0.025000000000013678,0.1000000000000017));
#376=IFCCARTESIANPOINT((0.32700000000602164,0.10000000000001474,0.1000000000000017));
#377=IFCPOLYLOOP((#336,#353,#356,#375,#376,#337));
#378=IFCFACEOUTERBOUND(#377,.T.);
#379=IFCFACE((#378));
#380=IFCCARTESIANPOINT((0.099999999999998854,0.025000000000013678,0.1000000000000017));
#381=IFCPOLYLOOP((#355,#334,#333,#380,#375,#356));
#382=IFCFACEOUTERBOUND(#381,.T.);
#383=IFCFACE((#382));
#384=IFCPOLYLOOP((#334,#355,#354,#335));
#385=IFCFACEOUTERBOUND(#384,.T.);
#386=IFCFACE((#385));
#387=IFCPOLYLOOP((#365,#376,#375,#380,#347,#346,#345));
#388=IFCFACEOUTERBOUND(#387,.T.);
#389=IFCFACE((#388));
#390=IFCPOLYLOOP((#347,#380,#333,#332));
#391=IFCFACEOUTERBOUND(#390,.T.);
#392=IFCFACE((#391));
#393=IFCPOLYLOOP((#376,#365,#338,#337));
#394=IFCFACEOUTERBOUND(#393,.T.);
#395=IFCFACE((#394));
#396=IFCCLOSEDSHELL((#342,#350,#361,#364,#368,#371,#374,#379,#383,#386,#389,#392,#395));
#397=IFCFACETEDBREP(#396);
#398=IFCSTYLEDITEM(#397,(#63),$);
#399=IFCSHAPEREPRESENTATION(#24,'Body','Brep',(#397));
#400=IFCCARTESIANPOINT((-3.2951483843418066,4.8486477399233161,-0.40000000000000163));
#401=IFCCARTESIANPOINT((0.1770000000060219,0.10000000000001474));
#402=IFCCARTESIANPOINT((3.2519999998544677,0.10000000000001474));
#403=IFCPOLYLINE((#401,#402));
#404=IFCSHAPEREPRESENTATION(#23,'Axis','Curve2D',(#403));
#405=IFCPRODUCTDEFINITIONSHAPE($,$,(#404,#399));
#406=IFCBEAM('2UX$xtUSnDH9TLao2UssjO',#18,'Concreto-Viga Retangular:15 X 30:479916',$,'Concreto-Viga Retangular:15 X 30',#311,#405,'479916');
#407=IFCBEAMTYPE('2UX$xtUSnDH9TLao2Usskm',#18,'Concreto-Viga Retangular:15 X 30',$,$,(#417),$,'479812',$,.BEAM.);
#408=IFCPROPERTYSINGLEVALUE('Reference',$,IFCIDENTIFIER('15 X 30'),$);
#409=IFCPROPERTYSINGLEVALUE('Span',$,IFCPOSITIVELENGTHMEASURE(3.0749999998484445),$);
#410=IFCPROPERTYSET('2RXz7L8azwPrcnzOfV_zGu',#18,'Pset_BeamCommon',$,(#82,#83,#84,#408,#409));
#411=IFCPROPERTYSET('367j$TsO0zNp8_Fj$b992A',#18,'Pset_QuantityTakeOff',$,(#408));
#412=IFCPROPERTYSINGLEVALUE('Reference',$,IFCLABEL('15 X 30'),$);
#413=IFCPROPERTYSET('2wnL8LAzpVI6$18XD02psv',#18,'Pset_ReinforcementBarPitchOfBeam',$,(#412));
#414=IFCRELDEFINESBYPROPERTIES('2h9hA5w0OIG4ZXEW4cGJnk',#18,$,$,(#406),#410);
#415=IFCRELDEFINESBYPROPERTIES('09p0hF0raRHRTK8e8O2rz2',#18,$,$,(#406),#411);
#416=IFCRELDEFINESBYPROPERTIES('2HDEkf3Vv4oblc2Ghr5fDy',#18,$,$,(#406),#413);
#417=IFCPROPERTYSET('1O6glT6O596VHjZjaP5PWx',#18,'Pset_BeamCommon',$,(#84));
#418=IFCCARTESIANPOINT((-0.043148384487339389,5.6486477388057272,0.));
#419=IFCAXIS2PLACEMENT3D(#519,$,$);
#420=IFCLOCALPLACEMENT(#38,#419);
#427=IFCCARTESIANPOINT((0.,0.20000000000001261,0.39999999999999991));
#428=IFCCARTESIANPOINT((0.,0.,0.39999999999999986));
#429=IFCCARTESIANPOINT((0.025000000000004585,0.,0.39999999999999991));
#430=IFCCARTESIANPOINT((0.025000000000004029,0.17500000037252672,0.39999999999999991));
#431=IFCCARTESIANPOINT((0.17500000000000404,0.17500000037252672,0.39999999999999991));
#432=IFCCARTESIANPOINT((0.17500000000000374,0.10000000000001474,0.39999999999999991));
#433=IFCCARTESIANPOINT((3.0249999999593919,0.10000000000002363,0.39999999999999991));
#434=IFCCARTESIANPOINT((3.0249999999593915,0.17500000000001847,0.39999999999999991));
#435=IFCCARTESIANPOINT((3.3249999999593918,0.17500000000001847,0.39999999999999991));
#436=IFCCARTESIANPOINT((3.3249999999593918,0.025000000000019007,0.39999999999999991));
#437=IFCCARTESIANPOINT((3.249999999959404,0.025000000000019007,0.39999999999999991));
#438=IFCCARTESIANPOINT((3.249999999959404,0.,0.39999999999999986));
#439=IFCCARTESIANPOINT((3.3499999999594032,0.,0.39999999999999991));
#440=IFCCARTESIANPOINT((3.3499999999594028,0.20000000000001261,0.39999999999999991));
#441=IFCPOLYLOOP((#427,#428,#429,#430,#431,#432,#433,#434,#435,#436,#437,#438,#439,#440));
#442=IFCFACEOUTERBOUND(#441,.T.);
#443=IFCFACE((#442));
#444=IFCCARTESIANPOINT((3.3499999999594032,0.,0.));
#445=IFCCARTESIANPOINT((3.249999999959404,0.,0.1000000000000017));
#446=IFCCARTESIANPOINT((3.1499999999593999,0.,0.1000000000000017));
#447=IFCCARTESIANPOINT((0.20000000000000323,0.,0.1000000000000017));
#448=IFCCARTESIANPOINT((0.1750000000000046,0.,0.1000000000000017));
#449=IFCCARTESIANPOINT((0.1750000000000046,0.,0.));
#450=IFCCARTESIANPOINT((0.20000000000000379,0.,0.));
#451=IFCCARTESIANPOINT((3.1499999999593999,0.,0.));
#452=IFCPOLYLOOP((#444,#439,#438,#445,#446,#447,#448,#449,#450,#451));
#453=IFCFACEOUTERBOUND(#452,.T.);
#454=IFCFACE((#453));
#455=IFCCARTESIANPOINT((0.,0.20000000000001261,0.));
#456=IFCCARTESIANPOINT((3.3499999999594028,0.20000000000001261,0.));
#457=IFCCARTESIANPOINT((0.17500000000000404,0.17500000037252672,0.));
#458=IFCCARTESIANPOINT((0.025000000000004029,0.17500000037252672,0.));
#459=IFCCARTESIANPOINT((0.025000000000004585,0.,0.));
#460=IFCCARTESIANPOINT((3.3249999999593913,0.17500000000001936,0.));
#461=IFCCARTESIANPOINT((3.0249999999593915,0.17500000000001847,0.));
#462=IFCCARTESIANPOINT((3.0249999999593919,0.025000000000018119,0.));
#463=IFCCARTESIANPOINT((3.3249999999593918,0.025000000000019007,0.));
#464=IFCPOLYLOOP((#3,#455,#456,#444,#451,#450,#449,#457,#458,#459));
#465=IFCFACEOUTERBOUND(#464,.T.);
#466=IFCPOLYLOOP((#460,#461,#462,#463));
#467=IFCFACEBOUND(#466,.T.);
#468=IFCFACE((#465,#467));
#469=IFCPOLYLOOP((#455,#427,#440,#456));
#470=IFCFACEOUTERBOUND(#469,.T.);
#471=IFCFACE((#470));
#472=IFCPOLYLOOP((#428,#427,#455,#3));
#473=IFCFACEOUTERBOUND(#472,.T.);
#474=IFCFACE((#473));
#475=IFCPOLYLOOP((#440,#439,#444,#456));
#476=IFCFACEOUTERBOUND(#475,.T.);
#477=IFCFACE((#476));
#478=IFCCARTESIANPOINT((0.17500000000000421,0.10000000000001474,0.1000000000000017));
#479=IFCPOLYLOOP((#431,#457,#449,#448,#478,#432));
#480=IFCFACEOUTERBOUND(#479,.T.);
#481=IFCFACE((#480));
#482=IFCPOLYLOOP((#458,#430,#429,#459));
#483=IFCFACEOUTERBOUND(#482,.T.);
#484=IFCFACE((#483));
#485=IFCPOLYLOOP((#430,#458,#457,#431));
#486=IFCFACEOUTERBOUND(#485,.T.);
#487=IFCFACE((#486));
#488=IFCPOLYLOOP((#460,#435,#434,#461));
#489=IFCFACEOUTERBOUND(#488,.T.);
#490=IFCFACE((#489));
#491=IFCPOLYLOOP((#463,#436,#435,#460));
#492=IFCFACEOUTERBOUND(#491,.T.);
#493=IFCFACE((#492));
#494=IFCCARTESIANPOINT((3.0249999999593919,0.025000000000018119,0.1000000000000017));
#495=IFCCARTESIANPOINT((3.249999999959404,0.025000000000019007,0.1000000000000017));
#496=IFCPOLYLOOP((#436,#463,#462,#494,#495,#437));
#497=IFCFACEOUTERBOUND(#496,.T.);
#498=IFCFACE((#497));
#499=IFCCARTESIANPOINT((3.0249999999593919,0.10000000000002363,0.1000000000000017));
#500=IFCPOLYLOOP((#461,#434,#433,#499,#494,#462));
#501=IFCFACEOUTERBOUND(#500,.T.);
#502=IFCFACE((#501));
#503=IFCPOLYLOOP((#499,#478,#448,#447,#446,#445,#495,#494));
#504=IFCFACEOUTERBOUND(#503,.T.);
#505=IFCFACE((#504));
#506=IFCPOLYLOOP((#478,#499,#433,#432));
#507=IFCFACEOUTERBOUND(#506,.T.);
#508=IFCFACE((#507));
#509=IFCPOLYLOOP((#428,#3,#459,#429));
#510=IFCFACEOUTERBOUND(#509,.T.);
#511=IFCFACE((#510));
#512=IFCPOLYLOOP((#495,#445,#438,#437));
#513=IFCFACEOUTERBOUND(#512,.T.);
#514=IFCFACE((#513));
#515=IFCCLOSEDSHELL((#443,#454,#468,#471,#474,#477,#481,#484,#487,#490,#493,#498,#502,#505,#508,#511,#514));
#516=IFCFACETEDBREP(#515);
#517=IFCSTYLEDITEM(#516,(#63),$);
#518=IFCSHAPEREPRESENTATION(#24,'Body','Brep',(#516));
#519=IFCCARTESIANPOINT((-0.14314838448734363,5.5486477388057107,-0.40000000000000163));
#520=IFCCARTESIANPOINT((0.10000000000000391,0.10000000000001652));
#521=IFCCARTESIANPOINT((3.249999999959404,0.10000000000001741));
#522=IFCPOLYLINE((#520,#521));
#523=IFCSHAPEREPRESENTATION(#23,'Axis','Curve2D',(#522));
#524=IFCPRODUCTDEFINITIONSHAPE($,$,(#523,#518));
#525=IFCBEAM('2UX$xtUSnDH9TLao2UsshZ',#18,'Concreto-Viga Retangular:15 X 30:480023',$,'Concreto-Viga Retangular:15 X 30',#420,#524,'480023');
#526=IFCPROPERTYSINGLEVALUE('Span',$,IFCPOSITIVELENGTHMEASURE(3.1500000000000004),$);
#527=IFCPROPERTYSET('3oxTf6WtBqGY7GhcxMPJE6',#18,'Pset_BeamCommon',$,(#82,#83,#84,#408,#526));
#528=IFCPROPERTYSET('3fw_GPjj10dQH0OwX_as4U',#18,'Pset_QuantityTakeOff',$,(#408));
#529=IFCPROPERTYSINGLEVALUE('Reference',$,IFCLABEL('15 X 30'),$);
#530=IFCPROPERTYSET('0A7a_RoDFD73uSZ_qfCEJr',#18,'Pset_ReinforcementBarPitchOfBeam',$,(#529));
#531=IFCRELDEFINESBYPROPERTIES('1S1ASO_CR_wWVgKSLyv1gt',#18,$,$,(#525),#527);
#532=IFCRELDEFINESBYPROPERTIES('1vjBSbTgyBXDws52aa61FM',#18,$,$,(#525),#528);
#533=IFCRELDEFINESBYPROPERTIES('06iJFsnbtlG9qmdYchcHll',#18,$,$,(#525),#530);
#534=IFCCARTESIANPOINT((3.1068516154720611,5.6486477388057219,0.));
#535=IFCAXIS2PLACEMENT3D(#646,#9,#8);
#536=IFCLOCALPLACEMENT(#38,#535);
#543=IFCCARTESIANPOINT((0.,0.,0.39999999999999991));
#544=IFCCARTESIANPOINT((0.,0.20000000000000426,0.39999999999999991));
#545=IFCCARTESIANPOINT((-8.3000000007451504,0.20000000000000392,0.39999999999999991));
#546=IFCCARTESIANPOINT((-8.3000000007451504,0.10000000000000472,0.39999999999999991));
#547=IFCCARTESIANPOINT((-4.4000000003725921,0.10000000000001114,0.39999999999999991));
#548=IFCCARTESIANPOINT((-4.4000000003725921,0.17500000000001176,0.39999999999999991));
#549=IFCCARTESIANPOINT((-4.1000000003725923,0.17500000000001226,0.39999999999999991));
#550=IFCCARTESIANPOINT((-4.1000000003725923,0.099999999999999201,0.39999999999999991));
#551=IFCCARTESIANPOINT((-0.3250000000000246,0.10000000000000542,0.39999999999999991));
#552=IFCCARTESIANPOINT((-0.3250000000000246,0.17500000000001847,0.39999999999999991));
#553=IFCCARTESIANPOINT((-0.025000000000024336,0.17500000000001897,0.39999999999999991));
#554=IFCCARTESIANPOINT((-0.025000000000023892,0.025000000000019052,0.39999999999999991));
#555=IFCCARTESIANPOINT((-0.10000000000000497,0.025000000000018931,0.39999999999999991));
#556=IFCCARTESIANPOINT((-0.10000000000000497,0.,0.39999999999999986));
#557=IFCPOLYLOOP((#543,#544,#545,#546,#547,#548,#549,#550,#551,#552,#553,#554,#555,#556));
#558=IFCFACEOUTERBOUND(#557,.T.);
#559=IFCFACE((#558));
#560=IFCCARTESIANPOINT((-0.10000000000000497,0.,0.1000000000000017));
#561=IFCCARTESIANPOINT((-0.20000000000000373,0.,0.1000000000000017));
#562=IFCCARTESIANPOINT((-4.1500000003725672,0.,0.1000000000000017));
#563=IFCCARTESIANPOINT((-4.350000000372571,0.,0.1000000000000017));
#564=IFCCARTESIANPOINT((-8.3000000007451504,0.,0.1000000000000017));
#565=IFCCARTESIANPOINT((-8.3000000007451504,0.,0.));
#566=IFCCARTESIANPOINT((-4.350000000372571,0.,0.));
#567=IFCCARTESIANPOINT((-4.1500000003725681,0.,0.));
#568=IFCCARTESIANPOINT((-0.20000000000000417,0.,0.));
#569=IFCPOLYLOOP((#3,#543,#556,#560,#561,#562,#563,#564,#565,#566,#567,#568));
#570=IFCFACEOUTERBOUND(#569,.T.);
#571=IFCFACE((#570));
#572=IFCCARTESIANPOINT((-8.3000000007451504,0.20000000000000392,0.));
#573=IFCCARTESIANPOINT((0.,0.20000000000000426,0.));
#574=IFCCARTESIANPOINT((-4.1000000003725923,0.17500000000001226,0.));
#575=IFCCARTESIANPOINT((-4.4000000003725921,0.17500000000001176,0.));
#576=IFCCARTESIANPOINT((-4.4000000003725912,0.025000000000011853,0.));
#577=IFCCARTESIANPOINT((-4.1000000003725914,0.025000000000012346,0.));
#578=IFCCARTESIANPOINT((-0.025000000000024336,0.17500000000001897,0.));
#579=IFCCARTESIANPOINT((-0.3250000000000246,0.17500000000001847,0.));
#580=IFCCARTESIANPOINT((-0.32500000000002416,0.025000000000018559,0.));
#581=IFCCARTESIANPOINT((-0.025000000000023892,0.025000000000019052,0.));
#582=IFCPOLYLOOP((#565,#572,#573,#3,#568,#567,#566));
#583=IFCFACEOUTERBOUND(#582,.T.);
#584=IFCPOLYLOOP((#574,#575,#576,#577));
#585=IFCFACEBOUND(#584,.T.);
#586=IFCPOLYLOOP((#578,#579,#580,#581));
#587=IFCFACEBOUND(#586,.T.);
#588=IFCFACE((#583,#585,#587));
#589=IFCPOLYLOOP((#544,#573,#572,#545));
#590=IFCFACEOUTERBOUND(#589,.T.);
#591=IFCFACE((#590));
#592=IFCCARTESIANPOINT((-8.3000000007451504,0.10000000000000472,0.1000000000000017));
#593=IFCPOLYLOOP((#572,#565,#564,#592,#546,#545));
#594=IFCFACEOUTERBOUND(#593,.T.);
#595=IFCFACE((#594));
#596=IFCPOLYLOOP((#544,#543,#3,#573));
#597=IFCFACEOUTERBOUND(#596,.T.);
#598=IFCFACE((#597));
#599=IFCPOLYLOOP((#574,#549,#548,#575));
#600=IFCFACEOUTERBOUND(#599,.T.);
#601=IFCFACE((#600));
#602=IFCCARTESIANPOINT((-4.1000000003725914,0.025000000000012346,0.1000000000000017));
#603=IFCCARTESIANPOINT((-4.1000000003725923,0.099999999999999201,0.1000000000000017));
#604=IFCPOLYLOOP((#549,#574,#577,#602,#603,#550));
#605=IFCFACEOUTERBOUND(#604,.T.);
#606=IFCFACE((#605));
#607=IFCCARTESIANPOINT((-4.4000000003725912,0.025000000000011853,0.1000000000000017));
#608=IFCPOLYLOOP((#577,#576,#607,#602));
#609=IFCFACEOUTERBOUND(#608,.T.);
#610=IFCFACE((#609));
#611=IFCCARTESIANPOINT((-4.4000000003725921,0.10000000000001114,0.1000000000000017));
#612=IFCPOLYLOOP((#575,#548,#547,#611,#607,#576));
#613=IFCFACEOUTERBOUND(#612,.T.);
#614=IFCFACE((#613));
#615=IFCPOLYLOOP((#578,#553,#552,#579));
#616=IFCFACEOUTERBOUND(#615,.T.);
#617=IFCFACE((#616));
#618=IFCPOLYLOOP((#581,#554,#553,#578));
#619=IFCFACEOUTERBOUND(#618,.T.);
#620=IFCFACE((#619));
#621=IFCCARTESIANPOINT((-0.32500000000002416,0.025000000000018559,0.1000000000000017));
#622=IFCCARTESIANPOINT((-0.10000000000000497,0.025000000000018931,0.1000000000000017));
#623=IFCPOLYLOOP((#554,#581,#580,#621,#622,#555));
#624=IFCFACEOUTERBOUND(#623,.T.);
#625=IFCFACE((#624));
#626=IFCCARTESIANPOINT((-0.3250000000000246,0.10000000000000542,0.1000000000000017));
#627=IFCPOLYLOOP((#579,#552,#551,#626,#621,#580));
#628=IFCFACEOUTERBOUND(#627,.T.);
#629=IFCFACE((#628));
#630=IFCPOLYLOOP((#611,#592,#564,#563,#562,#561,#560,#622,#621,#626,#603,#602,#607));
#631=IFCFACEOUTERBOUND(#630,.T.);
#632=IFCFACE((#631));
#633=IFCPOLYLOOP((#592,#611,#547,#546));
#634=IFCFACEOUTERBOUND(#633,.T.);
#635=IFCFACE((#634));
#636=IFCPOLYLOOP((#603,#626,#551,#550));
#637=IFCFACEOUTERBOUND(#636,.T.);
#638=IFCFACE((#637));
#639=IFCPOLYLOOP((#622,#560,#556,#555));
#640=IFCFACEOUTERBOUND(#639,.T.);
#641=IFCFACE((#640));
#642=IFCCLOSEDSHELL((#559,#571,#588,#591,#595,#598,#601,#606,#610,#614,#617,#620,#625,#629,#632,#635,#638,#641));
#643=IFCFACETEDBREP(#642);
#644=IFCSTYLEDITEM(#643,(#63),$);
#645=IFCSHAPEREPRESENTATION(#24,'Body','Brep',(#643));
#646=IFCCARTESIANPOINT((3.0068516154720557,-2.7513522619394384,-0.40000000000000163));
#647=IFCCARTESIANPOINT((-8.4000000007451607,0.099999999999991651));
#648=IFCCARTESIANPOINT((-0.10000000000000497,0.099999999999992095));
#649=IFCPOLYLINE((#647,#648));
#650=IFCSHAPEREPRESENTATION(#23,'Axis','Curve2D',(#649));
#651=IFCPRODUCTDEFINITIONSHAPE($,$,(#650,#645));
#652=IFCBEAM('2UX$xtUSnDH9TLao2UsshC',#18,'Concreto-Viga Retangular:15 X 30:480056',$,'Concreto-Viga Retangular:15 X 30',#536,#651,'480056');
#653=IFCPROPERTYSINGLEVALUE('Span',$,IFCPOSITIVELENGTHMEASURE(8.3000000007451558),$);
#654=IFCPROPERTYSET('2cWwT7USKrCHAj3St0HNus',#18,'Pset_BeamCommon',$,(#82,#83,#84,#408,#653));
#655=IFCPROPERTYSET('1vuSXZk0CCfDxuneDgQT$4',#18,'Pset_QuantityTakeOff',$,(#408));
#656=IFCPROPERTYSINGLEVALUE('Reference',$,IFCLABEL('15 X 30'),$);
#657=IFCPROPERTYSET('2oRTRG_dtR3VTn9cuUENoS',#18,'Pset_ReinforcementBarPitchOfBeam',$,(#656));
#658=IFCRELDEFINESBYPROPERTIES('1Y1_8XxS_rTuwgQFml_m8p',#18,$,$,(#652),#654);
#659=IFCRELDEFINESBYPROPERTIES('2qCpyJLZyS6WpG$5Iw6o93',#18,$,$,(#652),#655);
#660=IFCRELDEFINESBYPROPERTIES('2MPjShGjRD$qgiyX33q51Z',#18,$,$,(#652),#657);
#661=IFCCARTESIANPOINT((-3.1951483843418198,-2.651352261939413,0.));
#662=IFCAXIS2PLACEMENT3D(#773,$,$);
#663=IFCLOCALPLACEMENT(#38,#662);
#670=IFCCARTESIANPOINT((0.,0.20000000000002371,0.39999999999999991));
#671=IFCCARTESIANPOINT((0.,0.,0.39999999999999986));
#672=IFCCARTESIANPOINT((6.3019999998138623,0.,0.39999999999999991));
#673=IFCCARTESIANPOINT((6.3019999998138623,0.10000000000002496,0.39999999999999991));
#674=IFCCARTESIANPOINT((3.4769999998544652,0.10000000000001563,0.39999999999999991));
#675=IFCCARTESIANPOINT((3.4769999998544656,0.025000000000034106,0.39999999999999991));
#676=IFCCARTESIANPOINT((3.1769999998544662,0.025000000000033662,0.39999999999999991));
#677=IFCCARTESIANPOINT((3.1769999998544658,0.10000000000003384,0.39999999999999991));
#678=IFCCARTESIANPOINT((0.3270000000060358,0.10000000000002451,0.39999999999999991));
#679=IFCCARTESIANPOINT((0.32700000000603469,0.025000000000023892,0.39999999999999991));
#680=IFCCARTESIANPOINT((0.027000000006034884,0.025000000000023448,0.39999999999999991));
#681=IFCCARTESIANPOINT((0.027000000006034391,0.17500000000002425,0.39999999999999991));
#682=IFCCARTESIANPOINT((0.10000000000000583,0.17500000000002469,0.39999999999999991));
#683=IFCCARTESIANPOINT((0.10000000000000575,0.20000000000002371,0.39999999999999991));
#684=IFCPOLYLOOP((#670,#671,#672,#673,#674,#675,#676,#677,#678,#679,#680,#681,#682,#683));
#685=IFCFACEOUTERBOUND(#684,.T.);
#686=IFCFACE((#685));
#687=IFCCARTESIANPOINT((6.3019999998138623,0.,0.));
#688=IFCPOLYLOOP((#671,#3,#687,#672));
#689=IFCFACEOUTERBOUND(#688,.T.);
#690=IFCFACE((#689));
#691=IFCCARTESIANPOINT((6.3019999998138614,0.20000000000002371,0.));
#692=IFCCARTESIANPOINT((0.,0.20000000000002371,0.));
#693=IFCCARTESIANPOINT((0.20000000000000229,0.20000000000002371,0.));
#694=IFCCARTESIANPOINT((3.1519999998544623,0.20000000000002371,0.));
#695=IFCCARTESIANPOINT((3.3519999998544647,0.20000000000002371,0.));
#696=IFCCARTESIANPOINT((0.32700000000603424,0.17500000000002425,0.));
#697=IFCCARTESIANPOINT((0.027000000006034391,0.17500000000002336,0.));
#698=IFCCARTESIANPOINT((0.027000000006034884,0.025000000000023448,0.));
#699=IFCCARTESIANPOINT((0.32700000000603469,0.025000000000024336,0.));
#700=IFCCARTESIANPOINT((3.4769999998544656,0.17500000000003446,0.));
#701=IFCCARTESIANPOINT((3.1769999998544658,0.17500000000003357,0.));
#702=IFCCARTESIANPOINT((3.1769999998544662,0.025000000000033662,0.));
#703=IFCCARTESIANPOINT((3.4769999998544656,0.02500000000003455,0.));
#704=IFCPOLYLOOP((#691,#687,#3,#692,#693,#694,#695));
#705=IFCFACEOUTERBOUND(#704,.T.);
#706=IFCPOLYLOOP((#696,#697,#698,#699));
#707=IFCFACEBOUND(#706,.T.);
#708=IFCPOLYLOOP((#700,#701,#702,#703));
#709=IFCFACEBOUND(#708,.T.);
#710=IFCFACE((#705,#707,#709));
#711=IFCCARTESIANPOINT((0.10000000000000575,0.20000000000002371,0.1000000000000017));
#712=IFCCARTESIANPOINT((0.20000000000000229,0.20000000000002371,0.1000000000000017));
#713=IFCCARTESIANPOINT((3.1519999998544623,0.20000000000002371,0.1000000000000017));
#714=IFCCARTESIANPOINT((3.3519999998544647,0.20000000000002371,0.1000000000000017));
#715=IFCCARTESIANPOINT((6.3019999998138614,0.20000000000002371,0.1000000000000017));
#716=IFCPOLYLOOP((#692,#670,#683,#711,#712,#713,#714,#715,#691,#695,#694,#693));
#717=IFCFACEOUTERBOUND(#716,.T.);
#718=IFCFACE((#717));
#719=IFCCARTESIANPOINT((6.3019999998138623,0.10000000000002496,0.1000000000000017));
#720=IFCPOLYLOOP((#687,#691,#715,#719,#673,#672));
#721=IFCFACEOUTERBOUND(#720,.T.);
#722=IFCFACE((#721));
#723=IFCPOLYLOOP((#671,#670,#692,#3));
#724=IFCFACEOUTERBOUND(#723,.T.);
#725=IFCFACE((#724));
#726=IFCCARTESIANPOINT((0.32700000000603424,0.17500000000002425,0.1000000000000017));
#727=IFCCARTESIANPOINT((0.10000000000000583,0.17500000000002469,0.1000000000000017));
#728=IFCPOLYLOOP((#681,#697,#696,#726,#727,#682));
#729=IFCFACEOUTERBOUND(#728,.T.);
#730=IFCFACE((#729));
#731=IFCCARTESIANPOINT((0.32700000000603446,0.10000000000002451,0.1000000000000017));
#732=IFCPOLYLOOP((#699,#679,#678,#731,#726,#696));
#733=IFCFACEOUTERBOUND(#732,.T.);
#734=IFCFACE((#733));
#735=IFCPOLYLOOP((#679,#699,#698,#680));
#736=IFCFACEOUTERBOUND(#735,.T.);
#737=IFCFACE((#736));
#738=IFCPOLYLOOP((#680,#698,#697,#681));
#739=IFCFACEOUTERBOUND(#738,.T.);
#740=IFCFACE((#739));
#741=IFCCARTESIANPOINT((3.4769999998544656,0.17500000000003446,0.1000000000000017));
#742=IFCCARTESIANPOINT((3.1769999998544658,0.17500000000003357,0.1000000000000017));
#743=IFCPOLYLOOP((#701,#700,#741,#742));
#744=IFCFACEOUTERBOUND(#743,.T.);
#745=IFCFACE((#744));
#746=IFCCARTESIANPOINT((3.4769999998544656,0.10000000000001563,0.1000000000000017));
#747=IFCPOLYLOOP((#703,#675,#674,#746,#741,#700));
#748=IFCFACEOUTERBOUND(#747,.T.);
#749=IFCFACE((#748));
#750=IFCPOLYLOOP((#675,#703,#702,#676));
#751=IFCFACEOUTERBOUND(#750,.T.);
#752=IFCFACE((#751));
#753=IFCCARTESIANPOINT((3.1769999998544658,0.10000000000003384,0.1000000000000017));
#754=IFCPOLYLOOP((#676,#702,#701,#742,#753,#677));
#755=IFCFACEOUTERBOUND(#754,.T.);
#756=IFCFACE((#755));
#757=IFCPOLYLOOP((#746,#719,#715,#714,#713,#712,#711,#727,#726,#731,#753,#742,#741));
#758=IFCFACEOUTERBOUND(#757,.T.);
#759=IFCFACE((#758));
#760=IFCPOLYLOOP((#719,#746,#674,#673));
#761=IFCFACEOUTERBOUND(#760,.T.);
#762=IFCFACE((#761));
#763=IFCPOLYLOOP((#753,#731,#678,#677));
#764=IFCFACEOUTERBOUND(#763,.T.);
#765=IFCFACE((#764));
#766=IFCPOLYLOOP((#727,#711,#683,#682));
#767=IFCFACEOUTERBOUND(#766,.T.);
#768=IFCFACE((#767));
#769=IFCCLOSEDSHELL((#686,#690,#710,#718,#722,#725,#730,#734,#737,#740,#745,#749,#752,#756,#759,#762,#765,#768));
#770=IFCFACETEDBREP(#769);
#771=IFCSTYLEDITEM(#770,(#63),$);
#772=IFCSHAPEREPRESENTATION(#24,'Body','Brep',(#770));
#773=IFCCARTESIANPOINT((-3.295148384341819,-2.7513522619394379,-0.40000000000000163));
#774=IFCCARTESIANPOINT((0.099999999999998312,0.10000000000002585));
#775=IFCCARTESIANPOINT((6.4019999998138797,0.10000000000002585));
#776=IFCPOLYLINE((#774,#775));
#777=IFCSHAPEREPRESENTATION(#23,'Axis','Curve2D',(#776));
#778=IFCPRODUCTDEFINITIONSHAPE($,$,(#777,#772));
#779=IFCBEAM('2UX$xtUSnDH9TLao2UsseL',#18,'Concreto-Viga Retangular:15 X 30:480225',$,'Concreto-Viga Retangular:15 X 30',#663,#778,'480225');
#780=IFCPROPERTYSINGLEVALUE('Span',$,IFCPOSITIVELENGTHMEASURE(6.3019999998138809),$);
#781=IFCPROPERTYSET('2ClN3maAMTHI4FW1B1Po08',#18,'Pset_BeamCommon',$,(#82,#83,#84,#408,#780));
#782=IFCPROPERTYSET('3BrD4n_d7iNXUwV0U4jif8',#18,'Pset_QuantityTakeOff',$,(#408));
#783=IFCPROPERTYSINGLEVALUE('Reference',$,IFCLABEL('15 X 30'),$);
#784=IFCPROPERTYSET('3aSCkdJIHTalWkInVoX5W$',#18,'Pset_ReinforcementBarPitchOfBeam',$,(#783));
#785=IFCRELDEFINESBYPROPERTIES('1zjlwCB2CICd4VbetELnAt',#18,$,$,(#779),#781);
#786=IFCRELDEFINESBYPROPERTIES('35OpxdA3NIcdgzPyIq8OE1',#18,$,$,(#779),#782);
#787=IFCRELDEFINESBYPROPERTIES('1sIu$CCEdsDOAm9yQCeO8x',#18,$,$,(#779),#784);
#788=IFCCARTESIANPOINT((-3.1951483843418198,-2.6513522619394139,0.));
#789=IFCAXIS2PLACEMENT3D(#875,#9,#7);
#790=IFCLOCALPLACEMENT(#38,#789);
#802=IFCCARTESIANPOINT((7.4000000018627397,0.,0.39999999999999991));
#803=IFCCARTESIANPOINT((0.,0.,0.39999999999999991));
#804=IFCCARTESIANPOINT((0.,-0.10000000000000604,0.39999999999999991));
#805=IFCCARTESIANPOINT((3.9750000003725674,-0.099999999999999534,0.39999999999999991));
#806=IFCCARTESIANPOINT((3.9750000003725674,-0.027000000006028091,0.39999999999999991));
#807=IFCCARTESIANPOINT((4.1250000003725678,-0.027000000006027845,0.39999999999999991));
#808=IFCCARTESIANPOINT((4.1250000003725678,-0.10000000000000461,0.39999999999999991));
#809=IFCCARTESIANPOINT((7.4000000018627397,-0.099999999999999256,0.39999999999999991));
#810=IFCPOLYLOOP((#802,#803,#804,#805,#806,#807,#808,#809));
#811=IFCFACEOUTERBOUND(#810,.T.);
#812=IFCFACE((#811));
#813=IFCCARTESIANPOINT((0.,-0.20000000000000304,0.));
#814=IFCCARTESIANPOINT((3.9500000003725635,-0.2000000000000032,0.));
#815=IFCCARTESIANPOINT((3.9750000003725674,-0.20000000000000318,0.));
#816=IFCCARTESIANPOINT((3.9750000003725674,-0.20000000000000318,0.1000000000000017));
#817=IFCCARTESIANPOINT((3.950000000372563,-0.2000000000000032,0.1000000000000017));
#818=IFCCARTESIANPOINT((0.,-0.20000000000000304,0.1000000000000017));
#819=IFCPOLYLOOP((#813,#814,#815,#816,#817,#818));
#820=IFCFACEOUTERBOUND(#819,.T.);
#821=IFCFACE((#820));
#822=IFCCARTESIANPOINT((7.4000000018627397,0.,0.));
#823=IFCCARTESIANPOINT((7.4000000018627397,-0.2000000000000029,0.));
#824=IFCCARTESIANPOINT((4.1500000003725654,-0.2000000000000029,0.));
#825=IFCCARTESIANPOINT((4.1250000003725678,-0.20000000000000293,0.));
#826=IFCCARTESIANPOINT((4.1250000003725678,-0.027000000006027845,0.));
#827=IFCCARTESIANPOINT((3.9750000003725674,-0.027000000006028091,0.));
#828=IFCPOLYLOOP((#813,#3,#822,#823,#824,#825,#826,#827,#815,#814));
#829=IFCFACEOUTERBOUND(#828,.T.);
#830=IFCFACE((#829));
#831=IFCPOLYLOOP((#3,#803,#802,#822));
#832=IFCFACEOUTERBOUND(#831,.T.);
#833=IFCFACE((#832));
#834=IFCCARTESIANPOINT((0.,-0.10000000000000604,0.1000000000000017));
#835=IFCPOLYLOOP((#3,#813,#818,#834,#804,#803));
#836=IFCFACEOUTERBOUND(#835,.T.);
#837=IFCFACE((#836));
#838=IFCCARTESIANPOINT((7.4000000018627397,-0.099999999999999256,0.1000000000000017));
#839=IFCCARTESIANPOINT((7.4000000018627397,-0.2000000000000029,0.1000000000000017));
#840=IFCPOLYLOOP((#823,#822,#802,#809,#838,#839));
#841=IFCFACEOUTERBOUND(#840,.T.);
#842=IFCFACE((#841));
#843=IFCCARTESIANPOINT((4.1250000003725678,-0.20000000000000293,0.1000000000000017));
#844=IFCCARTESIANPOINT((4.1250000003725669,-0.10000000000000461,0.1000000000000017));
#845=IFCPOLYLOOP((#807,#826,#825,#843,#844,#808));
#846=IFCFACEOUTERBOUND(#845,.T.);
#847=IFCFACE((#846));
#848=IFCCARTESIANPOINT((3.9750000003725674,-0.099999999999999534,0.1000000000000017));
#849=IFCPOLYLOOP((#827,#806,#805,#848,#816,#815));
#850=IFCFACEOUTERBOUND(#849,.T.);
#851=IFCFACE((#850));
#852=IFCPOLYLOOP((#806,#827,#826,#807));
#853=IFCFACEOUTERBOUND(#852,.T.);
#854=IFCFACE((#853));
#855=IFCCARTESIANPOINT((4.1500000003725654,-0.2000000000000029,0.1000000000000017));
#856=IFCPOLYLOOP((#825,#824,#823,#839,#855,#843));
#857=IFCFACEOUTERBOUND(#856,.T.);
#858=IFCFACE((#857));
#859=IFCPOLYLOOP((#848,#834,#818,#817,#816));
#860=IFCFACEOUTERBOUND(#859,.T.);
#861=IFCFACE((#860));
#862=IFCPOLYLOOP((#834,#848,#805,#804));
#863=IFCFACEOUTERBOUND(#862,.T.);
#864=IFCFACE((#863));
#865=IFCPOLYLOOP((#838,#844,#843,#855,#839));
#866=IFCFACEOUTERBOUND(#865,.T.);
#867=IFCFACE((#866));
#868=IFCPOLYLOOP((#844,#838,#809,#808));
#869=IFCFACEOUTERBOUND(#868,.T.);
#870=IFCFACE((#869));
#871=IFCCLOSEDSHELL((#812,#821,#830,#833,#837,#842,#847,#851,#854,#858,#861,#864,#867,#870));
#872=IFCFACETEDBREP(#871);
#873=IFCSTYLEDITEM(#872,(#63),$);
#874=IFCSHAPEREPRESENTATION(#24,'Body','Brep',(#872));
#875=IFCCARTESIANPOINT((-3.2951483843418194,-2.5513522619394138,-0.40000000000000163));
#876=IFCCARTESIANPOINT((-0.10000000000000009,-0.099999999999999201));
#877=IFCCARTESIANPOINT((7.5000000018627446,-0.099999999999999201));
#878=IFCPOLYLINE((#876,#877));
#879=IFCSHAPEREPRESENTATION(#23,'Axis','Curve2D',(#878));
#880=IFCPRODUCTDEFINITIONSHAPE($,$,(#879,#874));
#881=IFCBEAM('2UX$xtUSnDH9TLao2Usstf',#18,'Concreto-Viga Retangular:15 X 30:480285',$,'Concreto-Viga Retangular:15 X 30',#790,#880,'480285');
#882=IFCPROPERTYSINGLEVALUE('Span',$,IFCPOSITIVELENGTHMEASURE(7.6000000018627434),$);
#883=IFCPROPERTYSET('2pC_9WG3tKFXF8aKHvoMbV',#18,'Pset_BeamCommon',$,(#82,#83,#84,#408,#882));
#884=IFCPROPERTYSET('27sha1s1qg0efeWQv_KyXh',#18,'Pset_QuantityTakeOff',$,(#408));
#885=IFCPROPERTYSINGLEVALUE('Reference',$,IFCLABEL('15 X 30'),$);
#886=IFCPROPERTYSET('1bwb4Qxtd2urChB1eS_1TM',#18,'Pset_ReinforcementBarPitchOfBeam',$,(#885));
#887=IFCRELDEFINESBYPROPERTIES('0eDqjYb3BTw0ljuCUdELWz',#18,$,$,(#881),#883);
#888=IFCRELDEFINESBYPROPERTIES('0dYlmqPSESM3dDQxalg_Ix',#18,$,$,(#881),#884);
#889=IFCRELDEFINESBYPROPERTIES('3PY4JB8mMB0YiKhSD1WYw3',#18,$,$,(#881),#886);
#890=IFCCARTESIANPOINT((-0.043148384487339389,5.6486477388057272,0.));
#891=IFCAXIS2PLACEMENT3D(#890,#9,#8);
#892=IFCLOCALPLACEMENT(#38,#891);
#918=IFCCARTESIANPOINT((0.22499999962748696,-0.074999999999999609,0.));
#919=IFCCARTESIANPOINT((0.10000000000000409,-0.074999999999999817,0.));
#920=IFCCARTESIANPOINT((0.10000000000000409,-0.10000000000000442,0.));
#921=IFCCARTESIANPOINT((0.59999999888240652,-0.10000000000000442,0.));
#922=IFCCARTESIANPOINT((0.69999999888239639,-0.10000000000000439,0.));
#923=IFCCARTESIANPOINT((0.69999999888239905,0.,0.));
#924=IFCCARTESIANPOINT((0.22499999962748696,0.,0.));
#925=IFCPOLYLOOP((#918,#919,#920,#921,#922,#923,#924));
#926=IFCFACEOUTERBOUND(#925,.T.);
#927=IFCFACE((#926));
#928=IFCCARTESIANPOINT((0.10000000000000409,-0.10000000000000439,-0.40000000000000163));
#929=IFCCARTESIANPOINT((0.59999999888240829,-0.10000000000000439,-0.40000000000000163));
#930=IFCCARTESIANPOINT((0.79999999888241113,-0.10000000000000439,-0.40000000000000163));
#931=IFCCARTESIANPOINT((4.0500000003725845,-0.10000000000000439,-0.40000000000000163));
#932=IFCCARTESIANPOINT((4.2500000003725873,-0.10000000000000438,-0.40000000000000163));
#933=IFCCARTESIANPOINT((8.2000000007451508,-0.1000000000000044,-0.40000000000000163));
#934=IFCCARTESIANPOINT((8.2000000007451508,-0.1000000000000044,-0.29999999999999993));
#935=IFCCARTESIANPOINT((4.2500000003725873,-0.10000000000000443,-0.29999999999999993));
#936=IFCCARTESIANPOINT((4.0500000003725845,-0.10000000000000442,-0.29999999999999993));
#937=IFCCARTESIANPOINT((0.79999999888241113,-0.10000000000000439,-0.29999999999999993));
#938=IFCCARTESIANPOINT((0.69999999888239639,-0.10000000000000442,-0.29999999999999993));
#939=IFCPOLYLOOP((#920,#928,#929,#930,#931,#932,#933,#934,#935,#936,#937,#938,#922,#921));
#940=IFCFACEOUTERBOUND(#939,.T.);
#941=IFCFACE((#940));
#942=IFCCARTESIANPOINT((8.2000000007451526,0.099999999999998979,-0.40000000000000163));
#943=IFCCARTESIANPOINT((0.10000000000000409,-0.074999999999999817,-0.40000000000000163));
#944=IFCCARTESIANPOINT((0.22499999962748696,-0.074999999999999609,-0.40000000000000163));
#945=IFCCARTESIANPOINT((0.22499999962748696,0.075000000000000344,-0.40000000000000163));
#946=IFCCARTESIANPOINT((0.10000000000000409,0.075000000000000136,-0.40000000000000163));
#947=IFCCARTESIANPOINT((0.10000000000000409,0.099999999999998951,-0.40000000000000163));
#948=IFCCARTESIANPOINT((4.0500000003725853,0.099999999999998951,-0.40000000000000163));
#949=IFCCARTESIANPOINT((4.2500000003725882,0.099999999999998951,-0.40000000000000163));
#950=IFCCARTESIANPOINT((4.3000000003725738,0.075000000000006922,-0.40000000000000163));
#951=IFCCARTESIANPOINT((4.,0.075000000000006437,-0.40000000000000163));
#952=IFCCARTESIANPOINT((4.,-0.074999999999993516,-0.40000000000000163));
#953=IFCCARTESIANPOINT((4.3000000003725738,-0.074999999999993031,-0.40000000000000163));
#954=IFCPOLYLOOP((#942,#933,#932,#931,#930,#929,#928,#943,#944,#945,#946,#947,#948,#949));
#955=IFCFACEOUTERBOUND(#954,.T.);
#956=IFCPOLYLOOP((#950,#951,#952,#953));
#957=IFCFACEBOUND(#956,.T.);
#958=IFCFACE((#955,#957));
#959=IFCCARTESIANPOINT((0.10000000000000409,0.099999999999998951,-0.29999999999999993));
#960=IFCCARTESIANPOINT((4.0500000003725862,0.099999999999998951,-0.29999999999999993));
#961=IFCCARTESIANPOINT((4.2500000003725891,0.099999999999998951,-0.29999999999999993));
#962=IFCCARTESIANPOINT((8.2000000007451526,0.099999999999998951,-0.29999999999999993));
#963=IFCPOLYLOOP((#942,#949,#948,#947,#959,#960,#961,#962));
#964=IFCFACEOUTERBOUND(#963,.T.);
#965=IFCFACE((#964));
#966=IFCCARTESIANPOINT((0.10000000000000497,0.075000000000000205,-0.29999999999999993));
#967=IFCPOLYLOOP((#947,#946,#966,#959));
#968=IFCFACEOUTERBOUND(#967,.T.);
#969=IFCFACE((#968));
#970=IFCPOLYLOOP((#933,#942,#962,#934));
#971=IFCFACEOUTERBOUND(#970,.T.);
#972=IFCFACE((#971));
#973=IFCCARTESIANPOINT((0.22499999962748696,0.075000000000000344,-0.29999999999999993));
#974=IFCPOLYLOOP((#946,#945,#973,#966));
#975=IFCFACEOUTERBOUND(#974,.T.);
#976=IFCFACE((#975));
#977=IFCCARTESIANPOINT((0.22499999962748696,0.,-0.29999999999999993));
#978=IFCPOLYLOOP((#944,#918,#924,#977,#973,#945));
#979=IFCFACEOUTERBOUND(#978,.T.);
#980=IFCFACE((#979));
#981=IFCPOLYLOOP((#918,#944,#943,#919));
#982=IFCFACEOUTERBOUND(#981,.T.);
#983=IFCFACE((#982));
#984=IFCCARTESIANPOINT((4.3000000003725738,0.075000000000006922,-0.29999999999999993));
#985=IFCCARTESIANPOINT((4.,0.075000000000006437,-0.29999999999999993));
#986=IFCPOLYLOOP((#951,#950,#984,#985));
#987=IFCFACEOUTERBOUND(#986,.T.);
#988=IFCFACE((#987));
#989=IFCCARTESIANPOINT((4.3000000003725738,-0.074999999999993031,-0.29999999999999993));
#990=IFCPOLYLOOP((#950,#953,#989,#984));
#991=IFCFACEOUTERBOUND(#990,.T.);
#992=IFCFACE((#991));
#993=IFCCARTESIANPOINT((4.,-0.074999999999993516,-0.29999999999999993));
#994=IFCPOLYLOOP((#953,#952,#993,#989));
#995=IFCFACEOUTERBOUND(#994,.T.);
#996=IFCFACE((#995));
#997=IFCPOLYLOOP((#952,#951,#985,#993));
#998=IFCFACEOUTERBOUND(#997,.T.);
#999=IFCFACE((#998));
#1000=IFCCARTESIANPOINT((0.69999999888239728,0.,-0.29999999999999993));
#1001=IFCPOLYLOOP((#973,#977,#1000,#938,#937,#936,#935,#934,#962,#961,#960,#959,#966));
#1002=IFCFACEOUTERBOUND(#1001,.T.);
#1003=IFCPOLYLOOP((#985,#984,#989,#993));
#1004=IFCFACEBOUND(#1003,.T.);
#1005=IFCFACE((#1002,#1004));
#1006=IFCPOLYLOOP((#977,#924,#923,#1000));
#1007=IFCFACEOUTERBOUND(#1006,.T.);
#1008=IFCFACE((#1007));
#1009=IFCPOLYLOOP((#938,#1000,#923,#922));
#1010=IFCFACEOUTERBOUND(#1009,.T.);
#1011=IFCFACE((#1010));
#1012=IFCPOLYLOOP((#928,#920,#919,#943));
#1013=IFCFACEOUTERBOUND(#1012,.T.);
#1014=IFCFACE((#1013));
#1015=IFCCLOSEDSHELL((#927,#941,#958,#965,#969,#972,#976,#980,#983,#988,#992,#996,#999,#1005,#1008,#1011,#1014));
#1016=IFCFACETEDBREP(#1015);
#1017=IFCSTYLEDITEM(#1016,(#63),$);
#1018=IFCSHAPEREPRESENTATION(#24,'Body','Brep',(#1016));
#1019=IFCCARTESIANPOINT((8.3000000007451398,0.));
#1020=IFCPOLYLINE((#4,#1019));
#1021=IFCSHAPEREPRESENTATION(#23,'Axis','Curve2D',(#1020));
#1022=IFCPRODUCTDEFINITIONSHAPE($,$,(#1021,#1018));
#1023=IFCBEAM('2UX$xtUSnDH9TLao2UsssW',#18,'Concreto-Viga Retangular:15 X 30:480340',$,'Concreto-Viga Retangular:15 X 30',#892,#1022,'480340');
#1024=IFCPROPERTYSINGLEVALUE('Span',$,IFCPOSITIVELENGTHMEASURE(8.3000000007451415),$);
#1025=IFCPROPERTYSET('1quVdDLiVlfqx8F4P8iLIu',#18,'Pset_BeamCommon',$,(#82,#83,#84,#408,#1024));
#1026=IFCPROPERTYSET('231eU3iSkH1Ev$degiuDQn',#18,'Pset_QuantityTakeOff',$,(#408));
#1027=IFCPROPERTYSINGLEVALUE('Reference',$,IFCLABEL('15 X 30'),$);
#1028=IFCPROPERTYSET('1RMckcZFeH$GBbu8e6QIp2',#18,'Pset_ReinforcementBarPitchOfBeam',$,(#1027));
#1029=IFCRELDEFINESBYPROPERTIES('2jTcDLGi_XTbBRDcQ7ihMj',#18,$,$,(#1023),#1025);
#1030=IFCRELDEFINESBYPROPERTIES('2hf4aLx0nI1BSjDKgEouwV',#18,$,$,(#1023),#1026);
#1031=IFCRELDEFINESBYPROPERTIES('0SC4BqTLk_4x9PBMsEIPVa',#18,$,$,(#1023),#1028);
#1035=IFCAXIS2PLACEMENT3D(#1133,$,$);
#1055=IFCCARTESIANPOINT((2.9519999998544599,0.,0.));
#1056=IFCCARTESIANPOINT((2.9519999998544599,0.,0.1000000000000017));
#1057=IFCCARTESIANPOINT((0.,0.,0.1000000000000017));
#1058=IFCPOLYLOOP((#1055,#1056,#1057,#3));
#1059=IFCFACEOUTERBOUND(#1058,.T.);
#1060=IFCFACE((#1059));
#1061=IFCCARTESIANPOINT((2.9519999998544599,0.20000000000001372,0.));
#1062=IFCCARTESIANPOINT((0.,0.025000000000024558,0.));
#1063=IFCCARTESIANPOINT((0.12700000000602607,0.025000000000024336,0.));
#1064=IFCCARTESIANPOINT((0.12700000000602607,0.17500000000002403,0.));
#1065=IFCCARTESIANPOINT((0.,0.17500000000002425,0.));
#1066=IFCCARTESIANPOINT((0.,0.20000000000002327,0.));
#1067=IFCPOLYLOOP((#1061,#1055,#3,#1062,#1063,#1064,#1065,#1066));
#1068=IFCFACEOUTERBOUND(#1067,.T.);
#1069=IFCFACE((#1068));
#1070=IFCCARTESIANPOINT((2.9519999998544599,0.20000000000001372,0.10000000000000164));
#1071=IFCCARTESIANPOINT((0.,0.20000000000002327,0.1000000000000017));
#1072=IFCPOLYLOOP((#1070,#1061,#1066,#1071));
#1073=IFCFACEOUTERBOUND(#1072,.T.);
#1074=IFCFACE((#1073));
#1075=IFCPOLYLOOP((#1055,#1061,#1070,#1056));
#1076=IFCFACEOUTERBOUND(#1075,.T.);
#1077=IFCFACE((#1076));
#1078=IFCCARTESIANPOINT((0.12700000000602607,0.17500000000002403,0.1000000000000017));
#1079=IFCCARTESIANPOINT((0.,0.17500000000002425,0.1000000000000017));
#1080=IFCPOLYLOOP((#1064,#1078,#1079,#1065));
#1081=IFCFACEOUTERBOUND(#1080,.T.);
#1082=IFCFACE((#1081));
#1083=IFCCARTESIANPOINT((0.12700000000602607,0.025000000000024336,0.1000000000000017));
#1084=IFCPOLYLOOP((#1064,#1063,#1083,#1078));
#1085=IFCFACEOUTERBOUND(#1084,.T.);
#1086=IFCFACE((#1085));
#1087=IFCCARTESIANPOINT((0.,0.025000000000024558,0.1000000000000017));
#1088=IFCPOLYLOOP((#1083,#1063,#1062,#1087));
#1089=IFCFACEOUTERBOUND(#1088,.T.);
#1090=IFCFACE((#1089));
#1091=IFCPOLYLOOP((#1056,#1070,#1071,#1079,#1078,#1083,#1087,#1057));
#1092=IFCFACEOUTERBOUND(#1091,.T.);
#1093=IFCFACE((#1092));
#1094=IFCPOLYLOOP((#3,#1057,#1087,#1062));
#1095=IFCFACEOUTERBOUND(#1094,.T.);
#1096=IFCFACE((#1095));
#1097=IFCPOLYLOOP((#1066,#1065,#1079,#1071));
#1098=IFCFACEOUTERBOUND(#1097,.T.);
#1099=IFCFACE((#1098));
#1100=IFCCARTESIANPOINT((6.1019999998138594,0.,0.));
#1101=IFCCARTESIANPOINT((6.1019999998138603,0.20000000000000351,0.));
#1102=IFCCARTESIANPOINT((6.1019999998138603,0.20000000000000306,0.1000000000000017));
#1103=IFCCARTESIANPOINT((6.1019999998138594,0.,0.1000000000000017));
#1104=IFCPOLYLOOP((#1100,#1101,#1102,#1103));
#1105=IFCFACEOUTERBOUND(#1104,.T.);
#1106=IFCFACE((#1105));
#1107=IFCCARTESIANPOINT((3.1519999998544632,0.20000000000001283,0.));
#1108=IFCCARTESIANPOINT((3.1519999998544632,0.,0.));
#1109=IFCCARTESIANPOINT((3.1519999998544632,0.,0.1000000000000017));
#1110=IFCCARTESIANPOINT((3.1519999998544632,0.20000000000001283,0.10000000000000164));
#1111=IFCPOLYLOOP((#1107,#1108,#1109,#1110));
#1112=IFCFACEOUTERBOUND(#1111,.T.);
#1113=IFCFACE((#1112));
#1114=IFCPOLYLOOP((#1108,#1100,#1103,#1109));
#1115=IFCFACEOUTERBOUND(#1114,.T.);
#1116=IFCFACE((#1115));
#1117=IFCPOLYLOOP((#1101,#1100,#1108,#1107));
#1118=IFCFACEOUTERBOUND(#1117,.T.);
#1119=IFCFACE((#1118));
#1120=IFCPOLYLOOP((#1101,#1107,#1110,#1102));
#1121=IFCFACEOUTERBOUND(#1120,.T.);
#1122=IFCFACE((#1121));
#1123=IFCPOLYLOOP((#1102,#1110,#1109,#1103));
#1124=IFCFACEOUTERBOUND(#1123,.T.);
#1125=IFCFACE((#1124));
#1126=IFCCLOSEDSHELL((#1060,#1069,#1074,#1077,#1082,#1086,#1090,#1093,#1096,#1099));
#1127=IFCFACETEDBREP(#1126);
#1128=IFCSTYLEDITEM(#1127,(#63),$);
#1129=IFCCLOSEDSHELL((#1106,#1113,#1116,#1119,#1122,#1125));
#1130=IFCFACETEDBREP(#1129);
#1131=IFCSTYLEDITEM(#1130,(#63),$);
#1132=IFCSHAPEREPRESENTATION(#24,'Body','Brep',(#1127,#1130));
#1133=IFCCARTESIANPOINT((-3.0951483843418104,1.3986477384331291,-0.40000000000000163));
#1134=IFCCARTESIANPOINT((-0.022999999993973438,0.10000000000002437,0.40000000000000163));
#1135=IFCVECTOR(#5,0.30480000000000002);
#1136=IFCLINE(#1134,#1135);
#1137=IFCCARTESIANPOINT((-0.02299999999397398,0.10000000000002437,0.40000000000000163));
#1138=IFCCARTESIANPOINT((6.2019999998138715,0.10000000000000434,0.40000000000000163));
#1139=IFCTRIMMEDCURVE(#1136,(#1137),(#1138),.T.,.CARTESIAN.);
#1140=IFCSHAPEREPRESENTATION(#23,'Axis','Curve3D',(#1139));
#1141=IFCAXIS2PLACEMENT3D(#3,$,$);
#1142=IFCREPRESENTATIONMAP(#1141,#1132);
#1143=IFCAXIS2PLACEMENT3D(#3,$,$);
#1144=IFCREPRESENTATIONMAP(#1143,#1140);
#1145=IFCBEAMTYPE('2UX$xtUSnDH9TLco2Ussrn',#18,'Concreto-Viga Retangular:15 X 30',$,$,(#1163),(#1142,#1144),'479812',$,.BEAM.);
#1146=IFCMAPPEDITEM(#1142,#74);
#1147=IFCSHAPEREPRESENTATION(#24,'Body','MappedRepresentation',(#1146));
#1148=IFCMAPPEDITEM(#1144,#74);
#1149=IFCSHAPEREPRESENTATION(#23,'Axis','MappedRepresentation',(#1148));
#1150=IFCPRODUCTDEFINITIONSHAPE($,$,(#1147,#1149));
#1151=IFCCARTESIANPOINT((-3.0951483843418104,1.3986477384331291,-0.40000000000000158));
#1152=IFCAXIS2PLACEMENT3D(#1151,$,$);
#1153=IFCLOCALPLACEMENT(#38,#1152);
#1154=IFCBEAM('2UX$xtUSnDH9TLao2Ussrn',#18,'Concreto-Viga Retangular:15 X 30:480389',$,'Concreto-Viga Retangular:15 X 30',#1153,#1150,'480389');
#1155=IFCPROPERTYSINGLEVALUE('Span',$,IFCPOSITIVELENGTHMEASURE(6.224999999807844),$);
#1156=IFCPROPERTYSET('0t2qHiDTvnAirhJKoHw2Pw',#18,'Pset_BeamCommon',$,(#82,#83,#84,#408,#1155));
#1157=IFCPROPERTYSET('3FhH4KeM4KdLFc_xBUDbHO',#18,'Pset_QuantityTakeOff',$,(#408));
#1158=IFCPROPERTYSINGLEVALUE('Reference',$,IFCLABEL('15 X 30'),$);
#1159=IFCPROPERTYSET('2B9GloY1CLakOQLjJI$SDr',#18,'Pset_ReinforcementBarPitchOfBeam',$,(#1158));
#1160=IFCRELDEFINESBYPROPERTIES('0taal_XmzupCBKvgswSHpz',#18,$,$,(#1154),#1156);
#1161=IFCRELDEFINESBYPROPERTIES('1P$vz6a5sBhDWCNyw_aVVo',#18,$,$,(#1154),#1157);
#1162=IFCRELDEFINESBYPROPERTIES('3pUjn8c_IO1EHTChGNTEG0',#18,$,$,(#1154),#1159);
#1163=IFCPROPERTYSET('01n8H5PY8$D5xfAXl7LZjp',#18,'Pset_BeamCommon',$,(#84));
#1164=IFCCARTESIANPOINT((-3.1181483843357842,4.94864773992333,0.));
#1165=IFCAXIS2PLACEMENT3D(#1164,$,$);
#1166=IFCLOCALPLACEMENT(#42,#1165);
#1167=IFCCARTESIANPOINT((0.,-2.7061686225238191E-16));
#1168=IFCAXIS2PLACEMENT2D(#1167,#11);
#1169=IFCRECTANGLEPROFILEDEF(.AREA.,'15 X 30',#1168,0.40000000000000002,0.20000000000000273);
#1170=IFCCARTESIANPOINT((-0.17700000000602217,0.,-0.20000000000000165));
#1171=IFCAXIS2PLACEMENT3D(#1170,#5,#10);
#1172=IFCEXTRUDEDAREASOLID(#1169,#1171,#9,3.1519999998544734);
#1173=IFCCARTESIANPOINT((5.4123372450476381E-16,0.));
#1174=IFCAXIS2PLACEMENT2D(#1173,#11);
#1175=IFCRECTANGLEPROFILEDEF(.AREA.,$,#1174,0.15000000000000055,0.30000000000000004);
#1176=IFCCARTESIANPOINT((0.,0.,-0.40000000000000163));
#1177=IFCAXIS2PLACEMENT3D(#1176,#9,#7);
#1178=IFCEXTRUDEDAREASOLID(#1175,#1177,#9,0.40000000000000002);
#1179=IFCBOOLEANRESULT(.DIFFERENCE.,#1172,#1178);
#1180=IFCSTYLEDITEM(#1172,(#63),$);
#1181=IFCSHAPEREPRESENTATION(#24,'Body','SweptSolid',(#1179));
#1182=IFCCARTESIANPOINT((3.0749999998484445,0.));
#1183=IFCPOLYLINE((#4,#1182));
#1184=IFCSHAPEREPRESENTATION(#23,'Axis','Curve2D',(#1183));
#1185=IFCPRODUCTDEFINITIONSHAPE($,$,(#1184,#1181));
#1186=IFCBEAM('2UX$xtUSnDH9TLao2Ussow',#18,'Concreto-Viga Retangular:15 X 30:480590',$,'Concreto-Viga Retangular:15 X 30',#1166,#1185,'480590');
#1187=IFCPROPERTYSINGLEVALUE('Span',$,IFCPOSITIVELENGTHMEASURE(3.0749999998484445),$);
#1188=IFCPROPERTYSET('2KELRl7oyJqm5o1Sg$XPVl',#18,'Pset_BeamCommon',$,(#82,#83,#84,#408,#1187));
#1189=IFCPROPERTYSET('1n89qBoCLu9ceCoZUriK17',#18,'Pset_QuantityTakeOff',$,(#408));
#1190=IFCPROPERTYSINGLEVALUE('Reference',$,IFCLABEL('15 X 30'),$);
#1191=IFCPROPERTYSET('1g63b$32J9ZUTlPQn6GWvb',#18,'Pset_ReinforcementBarPitchOfBeam',$,(#1190));
#1192=IFCRELDEFINESBYPROPERTIES('3oBE_7P7nt5t$hZ7GXl0Sv',#18,$,$,(#1186),#1188);
#1193=IFCRELDEFINESBYPROPERTIES('36zMcn6nmEYpBP1AQKo7Pd',#18,$,$,(#1186),#1189);
#1194=IFCRELDEFINESBYPROPERTIES('3k2tdVo0M22sxEEIB9FXnG',#18,$,$,(#1186),#1191);
#1195=IFCCARTESIANPOINT((-0.043148384487339389,5.6486477388057272,0.));
#1196=IFCAXIS2PLACEMENT3D(#1281,$,$);
#1197=IFCLOCALPLACEMENT(#42,#1196);
#1204=IFCCARTESIANPOINT((0.17500000000000404,0.17500000037252672,0.4000000000000008));
#1205=IFCCARTESIANPOINT((0.1750000000000046,0.,0.4000000000000008));
#1206=IFCCARTESIANPOINT((0.20000000000000379,0.,0.4000000000000008));
#1207=IFCCARTESIANPOINT((3.1499999999593999,0.,0.4000000000000008));
#1208=IFCCARTESIANPOINT((3.3499999999594032,0.,0.4000000000000008));
#1209=IFCCARTESIANPOINT((3.3499999999594028,0.20000000000001261,0.4000000000000008));
#1210=IFCCARTESIANPOINT((0.,0.20000000000001261,0.4000000000000008));
#1211=IFCCARTESIANPOINT((0.,0.,0.4000000000000008));
#1212=IFCCARTESIANPOINT((0.025000000000004585,0.,0.4000000000000008));
#1213=IFCCARTESIANPOINT((0.025000000000004029,0.17500000037252672,0.4000000000000008));
#1214=IFCCARTESIANPOINT((3.0249999999593915,0.17500000000001847,0.4000000000000008));
#1215=IFCCARTESIANPOINT((3.3249999999593918,0.17500000000001847,0.4000000000000008));
#1216=IFCCARTESIANPOINT((3.3249999999593918,0.025000000000019007,0.4000000000000008));
#1217=IFCCARTESIANPOINT((3.0249999999593911,0.025000000000018119,0.4000000000000008));
#1218=IFCPOLYLOOP((#1204,#1205,#1206,#1207,#1208,#1209,#1210,#1211,#1212,#1213));
#1219=IFCFACEOUTERBOUND(#1218,.T.);
#1220=IFCPOLYLOOP((#1214,#1215,#1216,#1217));
#1221=IFCFACEBOUND(#1220,.T.);
#1222=IFCFACE((#1219,#1221));
#1223=IFCCARTESIANPOINT((0.1750000000000046,0.,0.));
#1224=IFCCARTESIANPOINT((0.20000000000000379,0.,0.));
#1225=IFCCARTESIANPOINT((3.1499999999593999,0.,0.));
#1226=IFCCARTESIANPOINT((3.3499999999594032,0.,0.));
#1227=IFCPOLYLOOP((#1205,#1223,#1224,#1225,#1226,#1208,#1207,#1206));
#1228=IFCFACEOUTERBOUND(#1227,.T.);
#1229=IFCFACE((#1228));
#1230=IFCCARTESIANPOINT((0.17500000000000404,0.17500000037252672,0.));
#1231=IFCCARTESIANPOINT((0.025000000000004029,0.17500000037252761,0.));
#1232=IFCCARTESIANPOINT((0.025000000000004585,0.,0.));
#1233=IFCCARTESIANPOINT((0.,0.20000000000001261,0.));
#1234=IFCCARTESIANPOINT((3.3499999999594028,0.20000000000001261,0.));
#1235=IFCCARTESIANPOINT((3.3249999999593913,0.17500000000001936,0.));
#1236=IFCCARTESIANPOINT((3.0249999999593915,0.17500000000001847,0.));
#1237=IFCCARTESIANPOINT((3.0249999999593919,0.025000000000018119,0.));
#1238=IFCCARTESIANPOINT((3.3249999999593918,0.025000000000019007,0.));
#1239=IFCPOLYLOOP((#1223,#1230,#1231,#1232,#3,#1233,#1234,#1226,#1225,#1224));
#1240=IFCFACEOUTERBOUND(#1239,.T.);
#1241=IFCPOLYLOOP((#1235,#1236,#1237,#1238));
#1242=IFCFACEBOUND(#1241,.T.);
#1243=IFCFACE((#1240,#1242));
#1244=IFCPOLYLOOP((#1233,#1210,#1209,#1234));
#1245=IFCFACEOUTERBOUND(#1244,.T.);
#1246=IFCFACE((#1245));
#1247=IFCPOLYLOOP((#1204,#1230,#1223,#1205));
#1248=IFCFACEOUTERBOUND(#1247,.T.);
#1249=IFCFACE((#1248));
#1250=IFCPOLYLOOP((#1230,#1204,#1213,#1231));
#1251=IFCFACEOUTERBOUND(#1250,.T.);
#1252=IFCFACE((#1251));
#1253=IFCPOLYLOOP((#1235,#1215,#1214,#1236));
#1254=IFCFACEOUTERBOUND(#1253,.T.);
#1255=IFCFACE((#1254));
#1256=IFCPOLYLOOP((#1237,#1217,#1216,#1238));
#1257=IFCFACEOUTERBOUND(#1256,.T.);
#1258=IFCFACE((#1257));
#1259=IFCPOLYLOOP((#1217,#1237,#1236,#1214));
#1260=IFCFACEOUTERBOUND(#1259,.T.);
#1261=IFCFACE((#1260));
#1262=IFCPOLYLOOP((#1211,#1210,#1233,#3));
#1263=IFCFACEOUTERBOUND(#1262,.T.);
#1264=IFCFACE((#1263));
#1265=IFCPOLYLOOP((#1209,#1208,#1226,#1234));
#1266=IFCFACEOUTERBOUND(#1265,.T.);
#1267=IFCFACE((#1266));
#1268=IFCPOLYLOOP((#1231,#1213,#1212,#1232));
#1269=IFCFACEOUTERBOUND(#1268,.T.);
#1270=IFCFACE((#1269));
#1271=IFCPOLYLOOP((#1211,#3,#1232,#1212));
#1272=IFCFACEOUTERBOUND(#1271,.T.);
#1273=IFCFACE((#1272));
#1274=IFCPOLYLOOP((#1215,#1235,#1238,#1216));
#1275=IFCFACEOUTERBOUND(#1274,.T.);
#1276=IFCFACE((#1275));
#1277=IFCCLOSEDSHELL((#1222,#1229,#1243,#1246,#1249,#1252,#1255,#1258,#1261,#1264,#1267,#1270,#1273,#1276));
#1278=IFCFACETEDBREP(#1277);
#1279=IFCSTYLEDITEM(#1278,(#63),$);
#1280=IFCSHAPEREPRESENTATION(#24,'Body','Brep',(#1278));
#1281=IFCCARTESIANPOINT((-0.14314838448734363,5.5486477388057107,-0.40000000000000258));
#1282=IFCCARTESIANPOINT((0.10000000000000391,0.10000000000001652));
#1283=IFCCARTESIANPOINT((3.249999999959404,0.10000000000001741));
#1284=IFCPOLYLINE((#1282,#1283));
#1285=IFCSHAPEREPRESENTATION(#23,'Axis','Curve2D',(#1284));
#1286=IFCPRODUCTDEFINITIONSHAPE($,$,(#1285,#1280));
#1287=IFCBEAM('2UX$xtUSnDH9TLao2Ussoa',#18,'Concreto-Viga Retangular:15 X 30:480592',$,'Concreto-Viga Retangular:15 X 30',#1197,#1286,'480592');
#1288=IFCPROPERTYSET('2Wgih9IB6TK05D_XwqbtRL',#18,'Pset_BeamCommon',$,(#82,#83,#84,#408,#526));
#1289=IFCPROPERTYSET('0ImX9_WtfnYH3ouq9Yo9Te',#18,'Pset_QuantityTakeOff',$,(#408));
#1290=IFCPROPERTYSINGLEVALUE('Reference',$,IFCLABEL('15 X 30'),$);
#1291=IFCPROPERTYSET('1JmMByH1OxZWiM5W4a$Cl_',#18,'Pset_ReinforcementBarPitchOfBeam',$,(#1290));
#1292=IFCRELDEFINESBYPROPERTIES('2jxMQOTcIxNO3YlN$P_LhI',#18,$,$,(#1287),#1288);
#1293=IFCRELDEFINESBYPROPERTIES('3WVQ_manixsvB3tKZAC_dS',#18,$,$,(#1287),#1289);
#1294=IFCRELDEFINESBYPROPERTIES('33k1KkRn6$GV0UX$QoyVbe',#18,$,$,(#1287),#1291);
#1295=IFCCARTESIANPOINT((3.1068516154720611,5.6486477388057219,0.));
#1296=IFCAXIS2PLACEMENT3D(#1295,#9,#8);
#1297=IFCLOCALPLACEMENT(#42,#1296);
#1298=IFCCARTESIANPOINT((0.,-5.4123372450476381E-16));
#1299=IFCAXIS2PLACEMENT2D(#1298,#11);
#1300=IFCRECTANGLEPROFILEDEF(.AREA.,'15 X 30',#1299,0.40000000000000002,0.20000000000000329);
#1301=IFCCARTESIANPOINT((0.10000000000000975,0.,-0.20000000000000165));
#1302=IFCAXIS2PLACEMENT3D(#1301,#5,#10);
#1303=IFCEXTRUDEDAREASOLID(#1300,#1302,#9,8.3000000007451504);
#1304=IFCCARTESIANPOINT((0.,-2.7061686225238191E-16));
#1305=IFCAXIS2PLACEMENT2D(#1304,#11);
#1306=IFCRECTANGLEPROFILEDEF(.AREA.,$,#1305,0.30000000000000004,0.15000000000000002);
#1307=IFCCARTESIANPOINT((8.2250000007451352,0.,0.));
#1308=IFCAXIS2PLACEMENT3D(#1307,#10,#5);
#1309=IFCEXTRUDEDAREASOLID(#1306,#1308,#9,0.40000000000000002);
#1310=IFCBOOLEANRESULT(.DIFFERENCE.,#1303,#1309);
#1311=IFCCARTESIANPOINT((0.,-2.7061686225238191E-16));
#1312=IFCAXIS2PLACEMENT2D(#1311,#11);
#1313=IFCRECTANGLEPROFILEDEF(.AREA.,$,#1312,0.30000000000000004,0.15000000000000002);
#1314=IFCCARTESIANPOINT((4.1500000003725681,0.,0.));
#1315=IFCAXIS2PLACEMENT3D(#1314,#10,#5);
#1316=IFCEXTRUDEDAREASOLID(#1313,#1315,#9,0.40000000000000002);
#1317=IFCBOOLEANRESULT(.DIFFERENCE.,#1310,#1316);
#1318=IFCSTYLEDITEM(#1303,(#63),$);
#1319=IFCSHAPEREPRESENTATION(#24,'Body','SweptSolid',(#1317));
#1320=IFCCARTESIANPOINT((8.3000000007451575,0.));
#1321=IFCPOLYLINE((#4,#1320));
#1322=IFCSHAPEREPRESENTATION(#23,'Axis','Curve2D',(#1321));
#1323=IFCPRODUCTDEFINITIONSHAPE($,$,(#1322,#1319));
#1324=IFCBEAM('2UX$xtUSnDH9TLao2Ussoc',#18,'Concreto-Viga Retangular:15 X 30:480594',$,'Concreto-Viga Retangular:15 X 30',#1297,#1323,'480594');
#1325=IFCPROPERTYSINGLEVALUE('Span',$,IFCPOSITIVELENGTHMEASURE(8.3000000007451558),$);
#1326=IFCPROPERTYSET('2UJb8NKvTRYAdwoQ92ryNm',#18,'Pset_BeamCommon',$,(#82,#83,#84,#408,#1325));
#1327=IFCPROPERTYSET('3PLM_TCGkPoE0de90Ae91A',#18,'Pset_QuantityTakeOff',$,(#408));
#1328=IFCPROPERTYSINGLEVALUE('Reference',$,IFCLABEL('15 X 30'),$);
#1329=IFCPROPERTYSET('0mGzYtfYKBHEXP91LmFX5r',#18,'Pset_ReinforcementBarPitchOfBeam',$,(#1328));
#1330=IFCRELDEFINESBYPROPERTIES('0rSWDSy3CAIg_C0J_uzNMV',#18,$,$,(#1324),#1326);
#1331=IFCRELDEFINESBYPROPERTIES('1pZBHUJErWi9LeZlGTGHD2',#18,$,$,(#1324),#1327);
#1332=IFCRELDEFINESBYPROPERTIES('0VdhR5FyskMFwDkkvuNcnJ',#18,$,$,(#1324),#1329);
#1333=IFCCARTESIANPOINT((-3.1951483843418198,-2.651352261939413,0.));
#1334=IFCAXIS2PLACEMENT3D(#1333,$,$);
#1335=IFCLOCALPLACEMENT(#42,#1334);
#1336=IFCCARTESIANPOINT((0.,0.));
#1337=IFCAXIS2PLACEMENT2D(#1336,#11);
#1338=IFCRECTANGLEPROFILEDEF(.AREA.,'15 X 30',#1337,0.40000000000000002,0.20000000000000326);
#1339=IFCCARTESIANPOINT((-0.099999999999998923,0.,-0.20000000000000165));
#1340=IFCAXIS2PLACEMENT3D(#1339,#5,#10);
#1341=IFCEXTRUDEDAREASOLID(#1338,#1340,#9,6.3019999998138632);
#1342=IFCCARTESIANPOINT((-2.7061686225238191E-16,0.));
#1343=IFCAXIS2PLACEMENT2D(#1342,#11);
#1344=IFCRECTANGLEPROFILEDEF(.AREA.,$,#1343,0.15000000000000055,0.30000000000000004);
#1345=IFCCARTESIANPOINT((0.077000000006035726,0.,0.));
#1346=IFCAXIS2PLACEMENT3D(#1345,#10,#8);
#1347=IFCEXTRUDEDAREASOLID(#1344,#1346,#9,0.40000000000000002);
#1348=IFCBOOLEANRESULT(.DIFFERENCE.,#1341,#1347);
#1349=IFCCARTESIANPOINT((-2.7061686225238191E-16,-1.2490009027033011E-16));
#1350=IFCAXIS2PLACEMENT2D(#1349,#11);
#1351=IFCRECTANGLEPROFILEDEF(.AREA.,$,#1350,0.15000000000000055,0.30000000000000004);
#1352=IFCCARTESIANPOINT((3.2269999998544669,0.,-0.40000000000000163));
#1353=IFCAXIS2PLACEMENT3D(#1352,#9,#7);
#1354=IFCEXTRUDEDAREASOLID(#1351,#1353,#9,0.40000000000000002);
#1355=IFCBOOLEANRESULT(.DIFFERENCE.,#1348,#1354);
#1356=IFCSTYLEDITEM(#1341,(#63),$);
#1357=IFCSHAPEREPRESENTATION(#24,'Body','SweptSolid',(#1355));
#1358=IFCCARTESIANPOINT((6.3019999998138818,0.));
#1359=IFCPOLYLINE((#4,#1358));
#1360=IFCSHAPEREPRESENTATION(#23,'Axis','Curve2D',(#1359));
#1361=IFCPRODUCTDEFINITIONSHAPE($,$,(#1360,#1357));
#1362=IFCBEAM('2UX$xtUSnDH9TLao2UssoW',#18,'Concreto-Viga Retangular:15 X 30:480596',$,'Concreto-Viga Retangular:15 X 30',#1335,#1361,'480596');
#1363=IFCPROPERTYSINGLEVALUE('Span',$,IFCPOSITIVELENGTHMEASURE(6.3019999998138809),$);
#1364=IFCPROPERTYSET('0dKfzzpyZRBrnga3xHEbQd',#18,'Pset_BeamCommon',$,(#82,#83,#84,#408,#1363));
#1365=IFCPROPERTYSET('3sMWHFJgrWIdP2fGhggBG1',#18,'Pset_QuantityTakeOff',$,(#408));
#1366=IFCPROPERTYSINGLEVALUE('Reference',$,IFCLABEL('15 X 30'),$);
#1367=IFCPROPERTYSET('0WHxQ4q_SMvagMph5Ysy6p',#18,'Pset_ReinforcementBarPitchOfBeam',$,(#1366));
#1368=IFCRELDEFINESBYPROPERTIES('2CoTcpYvvk0Ui2AxZy83dK',#18,$,$,(#1362),#1364);
#1369=IFCRELDEFINESBYPROPERTIES('15IT0MFrOeaXNugQ4uKO0$',#18,$,$,(#1362),#1365);
#1370=IFCRELDEFINESBYPROPERTIES('3vY9lM0H0CFj0WIdjlhK2I',#18,$,$,(#1362),#1367);
#1371=IFCCARTESIANPOINT((-3.1951483843418198,-2.6513522619394139,0.));
#1372=IFCAXIS2PLACEMENT3D(#1433,#9,#7);
#1373=IFCLOCALPLACEMENT(#42,#1372);
#1380=IFCCARTESIANPOINT((0.,0.,0.4000000000000008));
#1381=IFCCARTESIANPOINT((0.,-0.20000000000000304,0.4000000000000008));
#1382=IFCCARTESIANPOINT((3.9500000003725635,-0.2000000000000032,0.4000000000000008));
#1383=IFCCARTESIANPOINT((3.9750000003725674,-0.20000000000000318,0.4000000000000008));
#1384=IFCCARTESIANPOINT((3.9750000003725674,-0.027000000006028091,0.4000000000000008));
#1385=IFCCARTESIANPOINT((4.1250000003725678,-0.027000000006027845,0.4000000000000008));
#1386=IFCCARTESIANPOINT((4.1250000003725678,-0.20000000000000293,0.4000000000000008));
#1387=IFCCARTESIANPOINT((4.1500000003725663,-0.2000000000000029,0.4000000000000008));
#1388=IFCCARTESIANPOINT((7.4000000018627397,-0.2000000000000029,0.4000000000000008));
#1389=IFCCARTESIANPOINT((7.4000000018627397,0.,0.4000000000000008));
#1390=IFCPOLYLOOP((#1380,#1381,#1382,#1383,#1384,#1385,#1386,#1387,#1388,#1389));
#1391=IFCFACEOUTERBOUND(#1390,.T.);
#1392=IFCFACE((#1391));
#1393=IFCCARTESIANPOINT((0.,-0.20000000000000304,0.));
#1394=IFCCARTESIANPOINT((3.9500000003725635,-0.2000000000000032,0.));
#1395=IFCCARTESIANPOINT((3.9750000003725674,-0.20000000000000318,0.));
#1396=IFCPOLYLOOP((#1381,#1393,#1394,#1395,#1383,#1382));
#1397=IFCFACEOUTERBOUND(#1396,.T.);
#1398=IFCFACE((#1397));
#1399=IFCCARTESIANPOINT((7.4000000018627397,0.,0.));
#1400=IFCCARTESIANPOINT((7.4000000018627397,-0.2000000000000029,0.));
#1401=IFCCARTESIANPOINT((4.1500000003725663,-0.2000000000000029,0.));
#1402=IFCCARTESIANPOINT((4.1250000003725678,-0.20000000000000293,0.));
#1403=IFCCARTESIANPOINT((4.1250000003725678,-0.027000000006027845,0.));
#1404=IFCCARTESIANPOINT((3.9750000003725674,-0.027000000006028091,0.));
#1405=IFCPOLYLOOP((#1393,#3,#1399,#1400,#1401,#1402,#1403,#1404,#1395,#1394));
#1406=IFCFACEOUTERBOUND(#1405,.T.);
#1407=IFCFACE((#1406));
#1408=IFCPOLYLOOP((#3,#1380,#1389,#1399));
#1409=IFCFACEOUTERBOUND(#1408,.T.);
#1410=IFCFACE((#1409));
#1411=IFCPOLYLOOP((#1381,#1380,#3,#1393));
#1412=IFCFACEOUTERBOUND(#1411,.T.);
#1413=IFCFACE((#1412));
#1414=IFCPOLYLOOP((#1385,#1403,#1402,#1386));
#1415=IFCFACEOUTERBOUND(#1414,.T.);
#1416=IFCFACE((#1415));
#1417=IFCPOLYLOOP((#1404,#1384,#1383,#1395));
#1418=IFCFACEOUTERBOUND(#1417,.T.);
#1419=IFCFACE((#1418));
#1420=IFCPOLYLOOP((#1384,#1404,#1403,#1385));
#1421=IFCFACEOUTERBOUND(#1420,.T.);
#1422=IFCFACE((#1421));
#1423=IFCPOLYLOOP((#1386,#1402,#1401,#1400,#1388,#1387));
#1424=IFCFACEOUTERBOUND(#1423,.T.);
#1425=IFCFACE((#1424));
#1426=IFCPOLYLOOP((#1389,#1388,#1400,#1399));
#1427=IFCFACEOUTERBOUND(#1426,.T.);
#1428=IFCFACE((#1427));
#1429=IFCCLOSEDSHELL((#1392,#1398,#1407,#1410,#1413,#1416,#1419,#1422,#1425,#1428));
#1430=IFCFACETEDBREP(#1429);
#1431=IFCSTYLEDITEM(#1430,(#63),$);
#1432=IFCSHAPEREPRESENTATION(#24,'Body','Brep',(#1430));
#1433=IFCCARTESIANPOINT((-3.2951483843418194,-2.5513522619394138,-0.40000000000000258));
#1434=IFCCARTESIANPOINT((-0.10000000000000009,-0.099999999999999201));
#1435=IFCCARTESIANPOINT((7.5000000018627446,-0.099999999999999201));
#1436=IFCPOLYLINE((#1434,#1435));
#1437=IFCSHAPEREPRESENTATION(#23,'Axis','Curve2D',(#1436));
#1438=IFCPRODUCTDEFINITIONSHAPE($,$,(#1437,#1432));
#1439=IFCBEAM('2UX$xtUSnDH9TLao2UssoY',#18,'Concreto-Viga Retangular:15 X 30:480598',$,'Concreto-Viga Retangular:15 X 30',#1373,#1438,'480598');
#1440=IFCPROPERTYSINGLEVALUE('Span',$,IFCPOSITIVELENGTHMEASURE(7.6000000018627434),$);
#1441=IFCPROPERTYSET('1CskHPMZF5G6qPKKNRWhym',#18,'Pset_BeamCommon',$,(#82,#83,#84,#408,#1440));
#1442=IFCPROPERTYSET('2bSLjFYVy0dC2qV915$nkB',#18,'Pset_QuantityTakeOff',$,(#408));
#1443=IFCPROPERTYSINGLEVALUE('Reference',$,IFCLABEL('15 X 30'),$);
#1444=IFCPROPERTYSET('0q1emJSnjMsjf9rMDIupU8',#18,'Pset_ReinforcementBarPitchOfBeam',$,(#1443));
#1445=IFCRELDEFINESBYPROPERTIES('01K9Ke7mHhJO6IXb1QKeSA',#18,$,$,(#1439),#1441);
#1446=IFCRELDEFINESBYPROPERTIES('1C1Jk747Hl6AMUyR4QmBPu',#18,$,$,(#1439),#1442);
#1447=IFCRELDEFINESBYPROPERTIES('2vWKNgRTshBzPHg5a6gObY',#18,$,$,(#1439),#1444);
#1448=IFCCARTESIANPOINT((-0.043148384487339389,5.6486477388057272,0.));
#1449=IFCAXIS2PLACEMENT3D(#1554,#9,#8);
#1450=IFCLOCALPLACEMENT(#42,#1449);
#1469=IFCCARTESIANPOINT((0.,0.,0.4000000000000008));
#1470=IFCCARTESIANPOINT((0.,0.2000000000000034,0.4000000000000008));
#1471=IFCCARTESIANPOINT((-3.9500000003725644,0.2000000000000034,0.4000000000000008));
#1472=IFCCARTESIANPOINT((-4.1500000003725681,0.2000000000000034,0.4000000000000008));
#1473=IFCCARTESIANPOINT((-8.1000000007451494,0.2000000000000034,0.4000000000000008));
#1474=IFCCARTESIANPOINT((-8.1000000007451494,0.17500000000000457,0.4000000000000008));
#1475=IFCCARTESIANPOINT((-7.9750000011176656,0.17500000000000476,0.4000000000000008));
#1476=IFCCARTESIANPOINT((-7.9750000011176656,0.025000000000004831,0.4000000000000008));
#1477=IFCCARTESIANPOINT((-8.1000000007451494,0.02500000000000463,0.4000000000000008));
#1478=IFCCARTESIANPOINT((-8.1000000007451476,0.,0.4000000000000008));
#1479=IFCCARTESIANPOINT((-7.6000000018627443,0.,0.4000000000000008));
#1480=IFCCARTESIANPOINT((-7.4000000018627414,0.,0.4000000000000008));
#1481=IFCCARTESIANPOINT((-4.1500000003725681,0.,0.4000000000000008));
#1482=IFCCARTESIANPOINT((-3.9500000003725648,0.,0.4000000000000008));
#1483=IFCCARTESIANPOINT((-4.2000000003725795,0.17500000000001087,0.4000000000000008));
#1484=IFCCARTESIANPOINT((-3.9000000003725797,0.17500000000001137,0.4000000000000008));
#1485=IFCCARTESIANPOINT((-3.9000000003725797,0.025000000000011416,0.4000000000000008));
#1486=IFCCARTESIANPOINT((-4.2000000003725795,0.02500000000001093,0.4000000000000008));
#1487=IFCPOLYLOOP((#1469,#1470,#1471,#1472,#1473,#1474,#1475,#1476,#1477,#1478,#1479,#1480,#1481,#1482));
#1488=IFCFACEOUTERBOUND(#1487,.T.);
#1489=IFCPOLYLOOP((#1483,#1484,#1485,#1486));
#1490=IFCFACEBOUND(#1489,.T.);
#1491=IFCFACE((#1488,#1490));
#1492=IFCCARTESIANPOINT((-8.1000000007451476,0.,0.));
#1493=IFCCARTESIANPOINT((-7.6000000018627443,0.,0.));
#1494=IFCCARTESIANPOINT((-7.4000000018627414,0.,0.));
#1495=IFCCARTESIANPOINT((-4.1500000003725681,0.,0.));
#1496=IFCCARTESIANPOINT((-3.9500000003725648,0.,0.));
#1497=IFCPOLYLOOP((#3,#1469,#1482,#1481,#1480,#1479,#1478,#1492,#1493,#1494,#1495,#1496));
#1498=IFCFACEOUTERBOUND(#1497,.T.);
#1499=IFCFACE((#1498));
#1500=IFCCARTESIANPOINT((0.,0.20000000000000343,0.));
#1501=IFCCARTESIANPOINT((-8.1000000007451494,0.02500000000000463,0.));
#1502=IFCCARTESIANPOINT((-7.9750000011176656,0.025000000000004831,0.));
#1503=IFCCARTESIANPOINT((-7.9750000011176656,0.17500000000000476,0.));
#1504=IFCCARTESIANPOINT((-8.1000000007451494,0.17500000000000457,0.));
#1505=IFCCARTESIANPOINT((-8.1000000007451494,0.2000000000000034,0.));
#1506=IFCCARTESIANPOINT((-4.1500000003725672,0.2000000000000034,0.));
#1507=IFCCARTESIANPOINT((-3.9500000003725648,0.2000000000000034,0.));
#1508=IFCCARTESIANPOINT((-3.9000000003725797,0.17500000000001137,0.));
#1509=IFCCARTESIANPOINT((-4.2000000003725795,0.17500000000001087,0.));
#1510=IFCCARTESIANPOINT((-4.2000000003725795,0.02500000000001093,0.));
#1511=IFCCARTESIANPOINT((-3.9000000003725797,0.025000000000011416,0.));
#1512=IFCPOLYLOOP((#1500,#3,#1496,#1495,#1494,#1493,#1492,#1501,#1502,#1503,#1504,#1505,#1506,#1507));
#1513=IFCFACEOUTERBOUND(#1512,.T.);
#1514=IFCPOLYLOOP((#1508,#1509,#1510,#1511));
#1515=IFCFACEBOUND(#1514,.T.);
#1516=IFCFACE((#1513,#1515));
#1517=IFCPOLYLOOP((#1505,#1473,#1472,#1471,#1470,#1500,#1507,#1506));
#1518=IFCFACEOUTERBOUND(#1517,.T.);
#1519=IFCFACE((#1518));
#1520=IFCPOLYLOOP((#1473,#1505,#1504,#1474));
#1521=IFCFACEOUTERBOUND(#1520,.T.);
#1522=IFCFACE((#1521));
#1523=IFCPOLYLOOP((#1470,#1469,#3,#1500));
#1524=IFCFACEOUTERBOUND(#1523,.T.);
#1525=IFCFACE((#1524));
#1526=IFCPOLYLOOP((#1503,#1475,#1474,#1504));
#1527=IFCFACEOUTERBOUND(#1526,.T.);
#1528=IFCFACE((#1527));
#1529=IFCPOLYLOOP((#1475,#1503,#1502,#1476));
#1530=IFCFACEOUTERBOUND(#1529,.T.);
#1531=IFCFACE((#1530));
#1532=IFCPOLYLOOP((#1476,#1502,#1501,#1477));
#1533=IFCFACEOUTERBOUND(#1532,.T.);
#1534=IFCFACE((#1533));
#1535=IFCPOLYLOOP((#1508,#1484,#1483,#1509));
#1536=IFCFACEOUTERBOUND(#1535,.T.);
#1537=IFCFACE((#1536));
#1538=IFCPOLYLOOP((#1484,#1508,#1511,#1485));
#1539=IFCFACEOUTERBOUND(#1538,.T.);
#1540=IFCFACE((#1539));
#1541=IFCPOLYLOOP((#1485,#1511,#1510,#1486));
#1542=IFCFACEOUTERBOUND(#1541,.T.);
#1543=IFCFACE((#1542));
#1544=IFCPOLYLOOP((#1486,#1510,#1509,#1483));
#1545=IFCFACEOUTERBOUND(#1544,.T.);
#1546=IFCFACE((#1545));
#1547=IFCPOLYLOOP((#1492,#1478,#1477,#1501));
#1548=IFCFACEOUTERBOUND(#1547,.T.);
#1549=IFCFACE((#1548));
#1550=IFCCLOSEDSHELL((#1491,#1499,#1516,#1519,#1522,#1525,#1528,#1531,#1534,#1537,#1540,#1543,#1546,#1549));
#1551=IFCFACETEDBREP(#1550);
#1552=IFCSTYLEDITEM(#1551,(#63),$);
#1553=IFCSHAPEREPRESENTATION(#24,'Body','Brep',(#1551));
#1554=IFCCARTESIANPOINT((-0.14314838448734382,-2.5513522619394258,-0.40000000000000258));
#1555=IFCCARTESIANPOINT((-8.2000000007451526,0.099999999999991207));
#1556=IFCCARTESIANPOINT((0.099999999999988098,0.099999999999991207));
#1557=IFCPOLYLINE((#1555,#1556));
#1558=IFCSHAPEREPRESENTATION(#23,'Axis','Curve2D',(#1557));
#1559=IFCPRODUCTDEFINITIONSHAPE($,$,(#1558,#1553));
#1560=IFCBEAM('2UX$xtUSnDH9TLao2Ussoi',#18,'Concreto-Viga Retangular:15 X 30:480600',$,'Concreto-Viga Retangular:15 X 30',#1450,#1559,'480600');
#1561=IFCPROPERTYSINGLEVALUE('Span',$,IFCPOSITIVELENGTHMEASURE(8.3000000007451415),$);
#1562=IFCPROPERTYSET('3vlmAWytu2NPCpbek1WM8I',#18,'Pset_BeamCommon',$,(#82,#83,#84,#408,#1561));
#1563=IFCPROPERTYSET('35CG5mgF$Y1UTQenckrUNn',#18,'Pset_QuantityTakeOff',$,(#408));
#1564=IFCPROPERTYSINGLEVALUE('Reference',$,IFCLABEL('15 X 30'),$);
#1565=IFCPROPERTYSET('0rqpC74jgXpI3rvDjwJxkM',#18,'Pset_ReinforcementBarPitchOfBeam',$,(#1564));
#1566=IFCRELDEFINESBYPROPERTIES('3d26weMOZeeeptpjqLrdFJ',#18,$,$,(#1560),#1562);
#1567=IFCRELDEFINESBYPROPERTIES('0JVay9T5YCA$sGXv$zcC4l',#18,$,$,(#1560),#1563);
#1568=IFCRELDEFINESBYPROPERTIES('21rvdUC8YVLxNfPIXXwmP7',#18,$,$,(#1560),#1565);
#1572=IFCAXIS2PLACEMENT3D(#1670,$,$);
#1592=IFCCARTESIANPOINT((2.9519999998544599,0.,0.4000000000000008));
#1593=IFCCARTESIANPOINT((2.9519999998544599,0.2000000000000135,0.4000000000000008));
#1594=IFCCARTESIANPOINT((0.,0.20000000000002305,0.4000000000000008));
#1595=IFCCARTESIANPOINT((0.,0.17500000000002403,0.4000000000000008));
#1596=IFCCARTESIANPOINT((0.12700000000602607,0.17500000000002403,0.4000000000000008));
#1597=IFCCARTESIANPOINT((0.12700000000602607,0.025000000000024114,0.4000000000000008));
#1598=IFCCARTESIANPOINT((0.,0.025000000000024336,0.4000000000000008));
#1599=IFCCARTESIANPOINT((0.,0.,0.4000000000000008));
#1600=IFCPOLYLOOP((#1592,#1593,#1594,#1595,#1596,#1597,#1598,#1599));
#1601=IFCFACEOUTERBOUND(#1600,.T.);
#1602=IFCFACE((#1601));
#1603=IFCCARTESIANPOINT((2.9519999998544599,0.,0.));
#1604=IFCPOLYLOOP((#1603,#1592,#1599,#3));
#1605=IFCFACEOUTERBOUND(#1604,.T.);
#1606=IFCFACE((#1605));
#1607=IFCCARTESIANPOINT((2.9519999998544599,0.2000000000000135,0.));
#1608=IFCCARTESIANPOINT((0.,0.025000000000024336,0.));
#1609=IFCCARTESIANPOINT((0.12700000000602607,0.025000000000024336,0.));
#1610=IFCCARTESIANPOINT((0.12700000000602607,0.1750000000000238,0.));
#1611=IFCCARTESIANPOINT((0.,0.17500000000002403,0.));
#1612=IFCCARTESIANPOINT((0.,0.20000000000002305,0.));
#1613=IFCPOLYLOOP((#1607,#1603,#3,#1608,#1609,#1610,#1611,#1612));
#1614=IFCFACEOUTERBOUND(#1613,.T.);
#1615=IFCFACE((#1614));
#1616=IFCPOLYLOOP((#1593,#1607,#1612,#1594));
#1617=IFCFACEOUTERBOUND(#1616,.T.);
#1618=IFCFACE((#1617));
#1619=IFCPOLYLOOP((#1593,#1592,#1603,#1607));
#1620=IFCFACEOUTERBOUND(#1619,.T.);
#1621=IFCFACE((#1620));
#1622=IFCPOLYLOOP((#1610,#1596,#1595,#1611));
#1623=IFCFACEOUTERBOUND(#1622,.T.);
#1624=IFCFACE((#1623));
#1625=IFCPOLYLOOP((#1609,#1597,#1596,#1610));
#1626=IFCFACEOUTERBOUND(#1625,.T.);
#1627=IFCFACE((#1626));
#1628=IFCPOLYLOOP((#1597,#1609,#1608,#1598));
#1629=IFCFACEOUTERBOUND(#1628,.T.);
#1630=IFCFACE((#1629));
#1631=IFCPOLYLOOP((#1595,#1594,#1612,#1611));
#1632=IFCFACEOUTERBOUND(#1631,.T.);
#1633=IFCFACE((#1632));
#1634=IFCPOLYLOOP((#1599,#1598,#1608,#3));
#1635=IFCFACEOUTERBOUND(#1634,.T.);
#1636=IFCFACE((#1635));
#1637=IFCCARTESIANPOINT((6.1019999998138603,0.20000000000000329,0.4000000000000008));
#1638=IFCCARTESIANPOINT((6.1019999998138594,0.,0.4000000000000008));
#1639=IFCCARTESIANPOINT((6.1019999998138594,0.,0.));
#1640=IFCCARTESIANPOINT((6.1019999998138603,0.20000000000000329,0.));
#1641=IFCPOLYLOOP((#1637,#1638,#1639,#1640));
#1642=IFCFACEOUTERBOUND(#1641,.T.);
#1643=IFCFACE((#1642));
#1644=IFCCARTESIANPOINT((3.1519999998544632,0.,0.4000000000000008));
#1645=IFCCARTESIANPOINT((3.1519999998544632,0.20000000000001261,0.4000000000000008));
#1646=IFCCARTESIANPOINT((3.1519999998544632,0.20000000000001261,0.));
#1647=IFCCARTESIANPOINT((3.1519999998544632,0.,0.));
#1648=IFCPOLYLOOP((#1644,#1645,#1646,#1647));
#1649=IFCFACEOUTERBOUND(#1648,.T.);
#1650=IFCFACE((#1649));
#1651=IFCPOLYLOOP((#1638,#1637,#1645,#1644));
#1652=IFCFACEOUTERBOUND(#1651,.T.);
#1653=IFCFACE((#1652));
#1654=IFCPOLYLOOP((#1639,#1638,#1644,#1647));
#1655=IFCFACEOUTERBOUND(#1654,.T.);
#1656=IFCFACE((#1655));
#1657=IFCPOLYLOOP((#1640,#1639,#1647,#1646));
#1658=IFCFACEOUTERBOUND(#1657,.T.);
#1659=IFCFACE((#1658));
#1660=IFCPOLYLOOP((#1637,#1640,#1646,#1645));
#1661=IFCFACEOUTERBOUND(#1660,.T.);
#1662=IFCFACE((#1661));
#1663=IFCCLOSEDSHELL((#1602,#1606,#1615,#1618,#1621,#1624,#1627,#1630,#1633,#1636));
#1664=IFCFACETEDBREP(#1663);
#1665=IFCSTYLEDITEM(#1664,(#63),$);
#1666=IFCCLOSEDSHELL((#1643,#1650,#1653,#1656,#1659,#1662));
#1667=IFCFACETEDBREP(#1666);
#1668=IFCSTYLEDITEM(#1667,(#63),$);
#1669=IFCSHAPEREPRESENTATION(#24,'Body','Brep',(#1664,#1667));
#1670=IFCCARTESIANPOINT((-3.0951483843418104,1.3986477384331293,2.5999999999999979));
#1671=IFCCARTESIANPOINT((-0.022999999993973438,0.1000000000000241,0.40000000000000219));
#1672=IFCVECTOR(#5,0.30480000000000002);
#1673=IFCLINE(#1671,#1672);
#1674=IFCCARTESIANPOINT((-0.02299999999397398,0.1000000000000241,0.40000000000000219));
#1675=IFCCARTESIANPOINT((6.2019999998138715,0.10000000000000407,0.40000000000000219));
#1676=IFCTRIMMEDCURVE(#1673,(#1674),(#1675),.T.,.CARTESIAN.);
#1677=IFCSHAPEREPRESENTATION(#23,'Axis','Curve3D',(#1676));
#1678=IFCAXIS2PLACEMENT3D(#3,$,$);
#1679=IFCREPRESENTATIONMAP(#1678,#1669);
#1680=IFCAXIS2PLACEMENT3D(#3,$,$);
#1681=IFCREPRESENTATIONMAP(#1680,#1677);
#1682=IFCBEAMTYPE('2UX$xtUSnDH9TLco2Ussok',#18,'Concreto-Viga Retangular:15 X 30',$,$,(#1700),(#1679,#1681),'479812',$,.BEAM.);
#1683=IFCMAPPEDITEM(#1679,#74);
#1684=IFCSHAPEREPRESENTATION(#24,'Body','MappedRepresentation',(#1683));
#1685=IFCMAPPEDITEM(#1681,#74);
#1686=IFCSHAPEREPRESENTATION(#23,'Axis','MappedRepresentation',(#1685));
#1687=IFCPRODUCTDEFINITIONSHAPE($,$,(#1684,#1686));
#1688=IFCCARTESIANPOINT((-3.0951483843418104,1.3986477384331293,-0.40000000000000274));
#1689=IFCAXIS2PLACEMENT3D(#1688,$,$);
#1690=IFCLOCALPLACEMENT(#42,#1689);
#1691=IFCBEAM('2UX$xtUSnDH9TLao2Ussok',#18,'Concreto-Viga Retangular:15 X 30:480602',$,'Concreto-Viga Retangular:15 X 30',#1690,#1687,'480602');
#1692=IFCPROPERTYSINGLEVALUE('Span',$,IFCPOSITIVELENGTHMEASURE(6.224999999807844),$);
#1693=IFCPROPERTYSET('30eNIgJ8nuBW60rScQeMTY',#18,'Pset_BeamCommon',$,(#82,#83,#84,#408,#1692));
#1694=IFCPROPERTYSET('2d_M6xwmwchCqynEfghmXj',#18,'Pset_QuantityTakeOff',$,(#408));
#1695=IFCPROPERTYSINGLEVALUE('Reference',$,IFCLABEL('15 X 30'),$);
#1696=IFCPROPERTYSET('0sP7Wtj78W7OUfHgyMuBP9',#18,'Pset_ReinforcementBarPitchOfBeam',$,(#1695));
#1697=IFCRELDEFINESBYPROPERTIES('0fBDoxRXJQKHuHVYbNI7Vk',#18,$,$,(#1691),#1693);
#1698=IFCRELDEFINESBYPROPERTIES('2uw9mTqcYQ4LhZ1uu0u0E_',#18,$,$,(#1691),#1694);
#1699=IFCRELDEFINESBYPROPERTIES('3EMXIgPviLt3uEKUkY4dQG',#18,$,$,(#1691),#1696);
#1700=IFCPROPERTYSET('14vmcjODe5dCBiwVkgyxRJ',#18,'Pset_BeamCommon',$,(#84));
#1701=IFCAXIS2PLACEMENT3D(#3,$,$);
#1703=IFCCARTESIANPOINT((-3.2681483843357841,5.0236477399233284,-1.));
#1704=IFCCARTESIANPOINT((-2.9681483843357843,5.0236477399233284,-1.));
#1705=IFCCARTESIANPOINT((-2.9681483843357843,4.8736477399233289,-1.));
#1706=IFCCARTESIANPOINT((-3.2681483843357841,4.8736477399233289,-1.));
#1707=IFCPOLYLOOP((#1703,#1704,#1705,#1706));
#1708=IFCFACEOUTERBOUND(#1707,.T.);
#1709=IFCFACE((#1708));
#1710=IFCCARTESIANPOINT((-3.2681483843357841,5.0236477399233301,-0.40000000000000174));
#1711=IFCCARTESIANPOINT((-3.2681483843357841,5.0236477399233284,0.));
#1712=IFCCARTESIANPOINT((-2.9681483843357843,5.0236477399233301,0.));
#1713=IFCCARTESIANPOINT((-2.9681483843357843,5.0236477399233301,-0.40000000000000163));
#1714=IFCPOLYLOOP((#1704,#1703,#1710,#1711,#1712,#1713));
#1715=IFCFACEOUTERBOUND(#1714,.T.);
#1716=IFCFACE((#1715));
#1717=IFCCARTESIANPOINT((-2.9681483843357843,4.94864773992333,0.));
#1718=IFCCARTESIANPOINT((-2.9681483843357843,4.94864773992333,-0.29999999999999993));
#1719=IFCCARTESIANPOINT((-2.9681483843357843,4.8736477399233289,-0.29999999999999993));
#1720=IFCCARTESIANPOINT((-2.9681483843357843,4.8736477399233289,-0.40000000000000163));
#1721=IFCPOLYLOOP((#1705,#1704,#1713,#1712,#1717,#1718,#1719,#1720));
#1722=IFCFACEOUTERBOUND(#1721,.T.);
#1723=IFCFACE((#1722));
#1724=IFCCARTESIANPOINT((-3.1951483843418074,4.8736477399233289,-0.29999999999999993));
#1725=IFCCARTESIANPOINT((-3.1951483843418074,4.8736477399233289,0.));
#1726=IFCCARTESIANPOINT((-3.2681483843357841,4.8736477399233289,0.));
#1727=IFCCARTESIANPOINT((-3.2681483843357841,4.8736477399233289,-0.40000000000000163));
#1728=IFCPOLYLOOP((#1706,#1705,#1720,#1719,#1724,#1725,#1726,#1727));
#1729=IFCFACEOUTERBOUND(#1728,.T.);
#1730=IFCFACE((#1729));
#1731=IFCPOLYLOOP((#1703,#1706,#1727,#1726,#1711,#1710));
#1732=IFCFACEOUTERBOUND(#1731,.T.);
#1733=IFCFACE((#1732));
#1734=IFCCARTESIANPOINT((-3.1951483843418074,4.94864773992333,0.));
#1735=IFCPOLYLOOP((#1712,#1711,#1726,#1725,#1734,#1717));
#1736=IFCFACEOUTERBOUND(#1735,.T.);
#1737=IFCFACE((#1736));
#1738=IFCCARTESIANPOINT((-3.1951483843418074,4.94864773992333,-0.29999999999999993));
#1739=IFCPOLYLOOP((#1718,#1738,#1724,#1719));
#1740=IFCFACEOUTERBOUND(#1739,.T.);
#1741=IFCFACE((#1740));
#1742=IFCPOLYLOOP((#1738,#1734,#1725,#1724));
#1743=IFCFACEOUTERBOUND(#1742,.T.);
#1744=IFCFACE((#1743));
#1745=IFCPOLYLOOP((#1734,#1738,#1718,#1717));
#1746=IFCFACEOUTERBOUND(#1745,.T.);
#1747=IFCFACE((#1746));
#1748=IFCCLOSEDSHELL((#1709,#1716,#1723,#1730,#1733,#1737,#1741,#1744,#1747));
#1749=IFCFACETEDBREP(#1748);
#1750=IFCSTYLEDITEM(#1749,(#63),$);
#1751=IFCSHAPEREPRESENTATION(#24,'Body','Brep',(#1749));
#1752=IFCAXIS2PLACEMENT3D(#3,$,$);
#1753=IFCREPRESENTATIONMAP(#1752,#1751);
#1754=IFCCOLUMNTYPE('35nurmKjD58BHZFp_RRCKR',#18,'M_Concreto-Retangular-Coluna:15 x 30',$,$,(#1769),(#1753),'467182',$,.COLUMN.);
#1755=IFCMAPPEDITEM(#1753,#74);
#1756=IFCSHAPEREPRESENTATION(#24,'Body','MappedRepresentation',(#1755));
#1757=IFCPRODUCTDEFINITIONSHAPE($,$,(#1756));
#1758=IFCCARTESIANPOINT((0.,0.,1.));
#1759=IFCAXIS2PLACEMENT3D(#1758,$,$);
#1760=IFCLOCALPLACEMENT(#35,#1759);
#1761=IFCCOLUMN('35nurmKjD58BHZDp_RRCKR',#18,'M_Concreto-Retangular-Coluna:15 x 30:481517',$,'M_Concreto-Retangular-Coluna:15 x 30',#1760,#1757,'481517');
#1762=IFCPROPERTYSET('3NIbeE$QwGIMxI6qiTR_ZL',#18,'Pset_ColumnCommon',$,(#81,#83,#84));
#1763=IFCPROPERTYSET('3WczQWvXQwVJ77fmGrtb56',#18,'Pset_QuantityTakeOff',$,(#81));
#1764=IFCPROPERTYSINGLEVALUE('Reference',$,IFCLABEL('15 x 30'),$);
#1765=IFCPROPERTYSET('1z8l04LWK6Ryr15A6ZESsu',#18,'Pset_ReinforcementBarPitchOfColumn',$,(#1764));
#1766=IFCRELDEFINESBYPROPERTIES('3$ThSI29bbbJz3plhIf_Tm',#18,$,$,(#1761),#1762);
#1767=IFCRELDEFINESBYPROPERTIES('2h_A8Z4nzFZQ4jl1e03c65',#18,$,$,(#1761),#1763);
#1768=IFCRELDEFINESBYPROPERTIES('3SlCuBm6JS3a3X3GPhzqyt',#18,$,$,(#1761),#1765);
#1769=IFCPROPERTYSET('1YjbXcoRpPMs8S3TK6Huy$',#18,'Pset_ColumnCommon',$,(#84));
#1770=IFCAXIS2PLACEMENT3D(#3,$,$);
#1772=IFCCARTESIANPOINT((-0.58888888888888857,-0.13544444444243561));
#1773=IFCCARTESIANPOINT((0.011111111111109826,-0.13544444444243561));
#1774=IFCCARTESIANPOINT((0.41111111111111148,-0.13544444444243561));
#1775=IFCCARTESIANPOINT((0.41111111111111148,-0.062444444448464288));
#1776=IFCCARTESIANPOINT((0.11111111111111152,-0.062444444448464288));
#1777=IFCCARTESIANPOINT((0.11111111111111152,0.037555555551538965));
#1778=IFCCARTESIANPOINT((0.11111111111111152,0.1645555555575644));
#1779=IFCCARTESIANPOINT((0.011111111111109826,0.1645555555575644));
#1780=IFCCARTESIANPOINT((-0.58888888888888857,0.1645555555575644));
#1781=IFCPOLYLINE((#1772,#1773,#1774,#1775,#1776,#1777,#1778,#1779,#1780,#1772));
#1782=IFCARBITRARYCLOSEDPROFILEDEF(.AREA.,'15 x 30',#1781);
#1783=IFCCARTESIANPOINT((-3.1327039398933487,1.4236477384331538,-0.41111111111111148));
#1784=IFCAXIS2PLACEMENT3D(#1783,#7,#9);
#1785=IFCEXTRUDEDAREASOLID(#1782,#1784,#9,0.14999999999999974);
#1786=IFCSTYLEDITEM(#1785,(#63),$);
#1787=IFCSHAPEREPRESENTATION(#24,'Body','SweptSolid',(#1785));
#1788=IFCAXIS2PLACEMENT3D(#3,$,$);
#1789=IFCREPRESENTATIONMAP(#1788,#1787);
#1790=IFCCOLUMNTYPE('35nurmKjD58BHZFp_RRCKO',#18,'M_Concreto-Retangular-Coluna:15 x 30',$,$,(#1805),(#1789),'467182',$,.COLUMN.);
#1791=IFCMAPPEDITEM(#1789,#74);
#1792=IFCSHAPEREPRESENTATION(#24,'Body','MappedRepresentation',(#1791));
#1793=IFCPRODUCTDEFINITIONSHAPE($,$,(#1792));
#1794=IFCCARTESIANPOINT((0.,0.,1.));
#1795=IFCAXIS2PLACEMENT3D(#1794,$,$);
#1796=IFCLOCALPLACEMENT(#35,#1795);
#1797=IFCCOLUMN('35nurmKjD58BHZDp_RRCKO',#18,'M_Concreto-Retangular-Coluna:15 x 30:481518',$,'M_Concreto-Retangular-Coluna:15 x 30',#1796,#1793,'481518');
#1798=IFCPROPERTYSET('0KXmOCx_15ZUqCWaRuJwUC',#18,'Pset_ColumnCommon',$,(#81,#83,#84));
#1799=IFCPROPERTYSET('3LLy3f_5ISI41i6WtTOyyI',#18,'Pset_QuantityTakeOff',$,(#81));
#1800=IFCPROPERTYSINGLEVALUE('Reference',$,IFCLABEL('15 x 30'),$);
#1801=IFCPROPERTYSET('39kAxQQ367tWnAol95CJPU',#18,'Pset_ReinforcementBarPitchOfColumn',$,(#1800));
#1802=IFCRELDEFINESBYPROPERTIES('0AFS99mpWvtk7Zm7q850SD',#18,$,$,(#1797),#1798);
#1803=IFCRELDEFINESBYPROPERTIES('3kC1Abp1fxX6XNRwtp2VxL',#18,$,$,(#1797),#1799);
#1804=IFCRELDEFINESBYPROPERTIES('2HnzOcHD$hHnpti$7z9fiy',#18,$,$,(#1797),#1801);
#1805=IFCPROPERTYSET('3qnDQ_oLLuQJRHytj89Mt1',#18,'Pset_ColumnCommon',$,(#84));
#1806=IFCAXIS2PLACEMENT3D(#3,$,$);
#1808=IFCCARTESIANPOINT((-3.2681483843357841,-2.5763522619394141,-1.));
#1809=IFCCARTESIANPOINT((-2.9681483843357843,-2.5763522619394146,-1.));
#1810=IFCCARTESIANPOINT((-2.9681483843357843,-2.7263522619394145,-1.));
#1811=IFCCARTESIANPOINT((-3.2681483843357841,-2.726352261939414,-1.));
#1812=IFCPOLYLOOP((#1808,#1809,#1810,#1811));
#1813=IFCFACEOUTERBOUND(#1812,.T.);
#1814=IFCFACE((#1813));
#1815=IFCCARTESIANPOINT((-3.2681483843357841,-2.5763522619394141,-0.40000000000000174));
#1816=IFCCARTESIANPOINT((-3.2681483843357841,-2.5763522619394141,0.));
#1817=IFCCARTESIANPOINT((-3.1951483843418127,-2.5763522619394132,0.));
#1818=IFCCARTESIANPOINT((-3.1951483843418127,-2.5763522619394132,-0.29999999999999993));
#1819=IFCCARTESIANPOINT((-2.9681483843357843,-2.5763522619394141,-0.29999999999999993));
#1820=IFCCARTESIANPOINT((-2.9681483843357843,-2.5763522619394141,-0.40000000000000163));
#1821=IFCPOLYLOOP((#1809,#1808,#1815,#1816,#1817,#1818,#1819,#1820));
#1822=IFCFACEOUTERBOUND(#1821,.T.);
#1823=IFCFACE((#1822));
#1824=IFCCARTESIANPOINT((-2.9681483843357843,-2.6513522619394139,-0.29999999999999993));
#1825=IFCCARTESIANPOINT((-2.9681483843357843,-2.6513522619394139,0.));
#1826=IFCCARTESIANPOINT((-2.9681483843357843,-2.726352261939414,0.));
#1827=IFCCARTESIANPOINT((-2.9681483843357843,-2.726352261939414,-0.40000000000000163));
#1828=IFCPOLYLOOP((#1810,#1809,#1820,#1819,#1824,#1825,#1826,#1827));
#1829=IFCFACEOUTERBOUND(#1828,.T.);
#1830=IFCFACE((#1829));
#1831=IFCCARTESIANPOINT((-3.2681483843357841,-2.726352261939414,0.));
#1832=IFCCARTESIANPOINT((-3.2681483843357841,-2.726352261939414,-0.40000000000000163));
#1833=IFCPOLYLOOP((#1811,#1810,#1827,#1826,#1831,#1832));
#1834=IFCFACEOUTERBOUND(#1833,.T.);
#1835=IFCFACE((#1834));
#1836=IFCPOLYLOOP((#1808,#1811,#1832,#1831,#1816,#1815));
#1837=IFCFACEOUTERBOUND(#1836,.T.);
#1838=IFCFACE((#1837));
#1839=IFCCARTESIANPOINT((-3.1951483843418127,-2.6513522619394139,0.));
#1840=IFCPOLYLOOP((#1831,#1826,#1825,#1839,#1817,#1816));
#1841=IFCFACEOUTERBOUND(#1840,.T.);
#1842=IFCFACE((#1841));
#1843=IFCCARTESIANPOINT((-3.1951483843418127,-2.6513522619394139,-0.29999999999999993));
#1844=IFCPOLYLOOP((#1818,#1843,#1824,#1819));
#1845=IFCFACEOUTERBOUND(#1844,.T.);
#1846=IFCFACE((#1845));
#1847=IFCPOLYLOOP((#1843,#1839,#1825,#1824));
#1848=IFCFACEOUTERBOUND(#1847,.T.);
#1849=IFCFACE((#1848));
#1850=IFCPOLYLOOP((#1839,#1843,#1818,#1817));
#1851=IFCFACEOUTERBOUND(#1850,.T.);
#1852=IFCFACE((#1851));
#1853=IFCCLOSEDSHELL((#1814,#1823,#1830,#1835,#1838,#1842,#1846,#1849,#1852));
#1854=IFCFACETEDBREP(#1853);
#1855=IFCSTYLEDITEM(#1854,(#63),$);
#1856=IFCSHAPEREPRESENTATION(#24,'Body','Brep',(#1854));
#1857=IFCAXIS2PLACEMENT3D(#3,$,$);
#1858=IFCREPRESENTATIONMAP(#1857,#1856);
#1859=IFCCOLUMNTYPE('35nurmKjD58BHZFp_RRCKP',#18,'M_Concreto-Retangular-Coluna:15 x 30',$,$,(#1874),(#1858),'467182',$,.COLUMN.);
#1860=IFCMAPPEDITEM(#1858,#74);
#1861=IFCSHAPEREPRESENTATION(#24,'Body','MappedRepresentation',(#1860));
#1862=IFCPRODUCTDEFINITIONSHAPE($,$,(#1861));
#1863=IFCCARTESIANPOINT((0.,0.,1.));
#1864=IFCAXIS2PLACEMENT3D(#1863,$,$);
#1865=IFCLOCALPLACEMENT(#35,#1864);
#1866=IFCCOLUMN('35nurmKjD58BHZDp_RRCKP',#18,'M_Concreto-Retangular-Coluna:15 x 30:481519',$,'M_Concreto-Retangular-Coluna:15 x 30',#1865,#1862,'481519');
#1867=IFCPROPERTYSET('3Xkgro60owpxuoZ5XMaNSI',#18,'Pset_ColumnCommon',$,(#81,#83,#84));
#1868=IFCPROPERTYSET('3bkAIcZEPT32mSevfebJfm',#18,'Pset_QuantityTakeOff',$,(#81));
#1869=IFCPROPERTYSINGLEVALUE('Reference',$,IFCLABEL('15 x 30'),$);
#1870=IFCPROPERTYSET('2G$K49mU5r4wffe0ZBBS9Z',#18,'Pset_ReinforcementBarPitchOfColumn',$,(#1869));
#1871=IFCRELDEFINESBYPROPERTIES('2o253$FXMXnKgPZhDF2tEI',#18,$,$,(#1866),#1867);
#1872=IFCRELDEFINESBYPROPERTIES('0Lr2CulNburQDdLy4fXFG7',#18,$,$,(#1866),#1868);
#1873=IFCRELDEFINESBYPROPERTIES('3VSpJseFfIzS0KKvD98wRa',#18,$,$,(#1866),#1870);
#1874=IFCPROPERTYSET('3BB9bUa54XcwXX8MlT6xfk',#18,'Pset_ColumnCommon',$,(#84));
#1875=IFCAXIS2PLACEMENT3D(#3,$,$);
#1877=IFCCARTESIANPOINT((0.031851615512660587,5.7236477391782392,-1.));
#1878=IFCCARTESIANPOINT((0.031851615512660587,5.4236477391782394,-1.));
#1879=IFCCARTESIANPOINT((-0.11814838448733936,5.4236477391782394,-1.));
#1880=IFCCARTESIANPOINT((-0.11814838448733936,5.7236477391782392,-1.));
#1881=IFCPOLYLOOP((#1877,#1878,#1879,#1880));
#1882=IFCFACEOUTERBOUND(#1881,.T.);
#1883=IFCFACE((#1882));
#1884=IFCCARTESIANPOINT((0.031851615512660587,5.7236477391782392,-0.40000000000000174));
#1885=IFCCARTESIANPOINT((0.031851615512660587,5.7236477391782392,0.));
#1886=IFCCARTESIANPOINT((0.031851615512660587,5.6486477388057272,0.));
#1887=IFCCARTESIANPOINT((0.031851615512660587,5.6486477388057263,-0.29999999999999993));
#1888=IFCCARTESIANPOINT((0.031851615512660587,5.5486477388057223,-0.29999999999999993));
#1889=IFCCARTESIANPOINT((0.031851615512660587,5.4236477391782403,-0.29999999999999993));
#1890=IFCCARTESIANPOINT((0.031851615512660587,5.4236477391782403,-0.40000000000000163));
#1891=IFCPOLYLOOP((#1878,#1877,#1884,#1885,#1886,#1887,#1888,#1889,#1890));
#1892=IFCFACEOUTERBOUND(#1891,.T.);
#1893=IFCFACE((#1892));
#1894=IFCCARTESIANPOINT((-0.043148384487339396,5.4236477391782403,-0.29999999999999993));
#1895=IFCCARTESIANPOINT((-0.043148384487339403,5.4236477391782394,0.));
#1896=IFCCARTESIANPOINT((-0.11814838448733936,5.4236477391782403,0.));
#1897=IFCCARTESIANPOINT((-0.11814838448733936,5.4236477391782403,-0.40000000000000163));
#1898=IFCPOLYLOOP((#1879,#1878,#1890,#1889,#1894,#1895,#1896,#1897));
#1899=IFCFACEOUTERBOUND(#1898,.T.);
#1900=IFCFACE((#1899));
#1901=IFCCARTESIANPOINT((-0.11814838448733936,5.5486477388057232,0.));
#1902=IFCCARTESIANPOINT((-0.11814838448733936,5.7236477391782392,0.));
#1903=IFCCARTESIANPOINT((-0.11814838448733936,5.7236477391782392,-0.40000000000000163));
#1904=IFCPOLYLOOP((#1880,#1879,#1897,#1896,#1901,#1902,#1903));
#1905=IFCFACEOUTERBOUND(#1904,.T.);
#1906=IFCFACE((#1905));
#1907=IFCPOLYLOOP((#1877,#1880,#1903,#1902,#1885,#1884));
#1908=IFCFACEOUTERBOUND(#1907,.T.);
#1909=IFCFACE((#1908));
#1910=IFCCARTESIANPOINT((-0.043148384487339625,5.6486477388057272,0.));
#1911=IFCPOLYLOOP((#1902,#1901,#1896,#1895,#1910,#1886,#1885));
#1912=IFCFACEOUTERBOUND(#1911,.T.);
#1913=IFCFACE((#1912));
#1914=IFCCARTESIANPOINT((-0.043148384487339625,5.6486477388057272,-0.29999999999999993));
#1915=IFCPOLYLOOP((#1887,#1914,#1894,#1889,#1888));
#1916=IFCFACEOUTERBOUND(#1915,.T.);
#1917=IFCFACE((#1916));
#1918=IFCPOLYLOOP((#1914,#1910,#1895,#1894));
#1919=IFCFACEOUTERBOUND(#1918,.T.);
#1920=IFCFACE((#1919));
#1921=IFCPOLYLOOP((#1910,#1914,#1887,#1886));
#1922=IFCFACEOUTERBOUND(#1921,.T.);
#1923=IFCFACE((#1922));
#1924=IFCCLOSEDSHELL((#1883,#1893,#1900,#1906,#1909,#1913,#1917,#1920,#1923));
#1925=IFCFACETEDBREP(#1924);
#1926=IFCSTYLEDITEM(#1925,(#63),$);
#1927=IFCSHAPEREPRESENTATION(#24,'Body','Brep',(#1925));
#1928=IFCAXIS2PLACEMENT3D(#3,$,$);
#1929=IFCREPRESENTATIONMAP(#1928,#1927);
#1930=IFCCOLUMNTYPE('35nurmKjD58BHZFp_RRCK6',#18,'M_Concreto-Retangular-Coluna:15 x 30',$,$,(#1945),(#1929),'467182',$,.COLUMN.);
#1931=IFCMAPPEDITEM(#1929,#74);
#1932=IFCSHAPEREPRESENTATION(#24,'Body','MappedRepresentation',(#1931));
#1933=IFCPRODUCTDEFINITIONSHAPE($,$,(#1932));
#1934=IFCCARTESIANPOINT((0.,0.,1.));
#1935=IFCAXIS2PLACEMENT3D(#1934,$,$);
#1936=IFCLOCALPLACEMENT(#35,#1935);
#1937=IFCCOLUMN('35nurmKjD58BHZDp_RRCK6',#18,'M_Concreto-Retangular-Coluna:15 x 30:481520',$,'M_Concreto-Retangular-Coluna:15 x 30',#1936,#1933,'481520');
#1938=IFCPROPERTYSET('1x3kFQRCwrYRdS$srOwCM7',#18,'Pset_ColumnCommon',$,(#81,#83,#84));
#1939=IFCPROPERTYSET('3MJBYEO9sFhTDRrZf1ktvc',#18,'Pset_QuantityTakeOff',$,(#81));
#1940=IFCPROPERTYSINGLEVALUE('Reference',$,IFCLABEL('15 x 30'),$);
#1941=IFCPROPERTYSET('2ajRt0QH6U1f711cQ8O3iQ',#18,'Pset_ReinforcementBarPitchOfColumn',$,(#1940));
#1942=IFCRELDEFINESBYPROPERTIES('0VB4yEt2uUVUSLruTNuk$D',#18,$,$,(#1937),#1938);
#1943=IFCRELDEFINESBYPROPERTIES('3l42sNPIbPT3Z4kdSB_f8P',#18,$,$,(#1937),#1939);
#1944=IFCRELDEFINESBYPROPERTIES('3lQzuc_QYXKMIRjWtpJuSC',#18,$,$,(#1937),#1941);
#1945=IFCPROPERTYSET('0ZTDsACqUnHsjoR0PpGmbx',#18,'Pset_ColumnCommon',$,(#84));
#1946=IFCAXIS2PLACEMENT3D(#3,$,$);
#1948=IFCCARTESIANPOINT((2.8818516154720482,5.7236477388057212,-1.));
#1949=IFCCARTESIANPOINT((3.181851615472048,5.7236477388057212,-1.));
#1950=IFCCARTESIANPOINT((3.181851615472048,5.5736477388057217,-1.));
#1951=IFCCARTESIANPOINT((2.8818516154720482,5.5736477388057217,-1.));
#1952=IFCPOLYLOOP((#1948,#1949,#1950,#1951));
#1953=IFCFACEOUTERBOUND(#1952,.T.);
#1954=IFCFACE((#1953));
#1955=IFCCARTESIANPOINT((2.8818516154720482,5.7236477388057221,-0.40000000000000174));
#1956=IFCCARTESIANPOINT((2.8818516154720482,5.7236477388057212,0.));
#1957=IFCCARTESIANPOINT((3.181851615472048,5.7236477388057221,0.));
#1958=IFCCARTESIANPOINT((3.181851615472048,5.7236477388057221,-0.40000000000000163));
#1959=IFCPOLYLOOP((#1949,#1948,#1955,#1956,#1957,#1958));
#1960=IFCFACEOUTERBOUND(#1959,.T.);
#1961=IFCFACE((#1960));
#1962=IFCCARTESIANPOINT((3.181851615472048,5.5736477388057217,0.));
#1963=IFCCARTESIANPOINT((3.181851615472048,5.5736477388057217,-0.40000000000000163));
#1964=IFCPOLYLOOP((#1950,#1949,#1958,#1957,#1962,#1963));
#1965=IFCFACEOUTERBOUND(#1964,.T.);
#1966=IFCFACE((#1965));
#1967=IFCCARTESIANPOINT((3.1068516154720602,5.5736477388057217,0.));
#1968=IFCCARTESIANPOINT((3.1068516154720602,5.5736477388057217,-0.29999999999999993));
#1969=IFCCARTESIANPOINT((2.8818516154720482,5.5736477388057217,-0.29999999999999993));
#1970=IFCCARTESIANPOINT((2.8818516154720482,5.5736477388057217,-0.40000000000000163));
#1971=IFCPOLYLOOP((#1951,#1950,#1963,#1962,#1967,#1968,#1969,#1970));
#1972=IFCFACEOUTERBOUND(#1971,.T.);
#1973=IFCFACE((#1972));
#1974=IFCCARTESIANPOINT((2.8818516154720482,5.6486477388057272,-0.29999999999999993));
#1975=IFCCARTESIANPOINT((2.8818516154720482,5.6486477388057272,0.));
#1976=IFCPOLYLOOP((#1948,#1951,#1970,#1969,#1974,#1975,#1956,#1955));
#1977=IFCFACEOUTERBOUND(#1976,.T.);
#1978=IFCFACE((#1977));
#1979=IFCCARTESIANPOINT((3.1068516154720602,5.6486477388057272,0.));
#1980=IFCPOLYLOOP((#1957,#1956,#1975,#1979,#1967,#1962));
#1981=IFCFACEOUTERBOUND(#1980,.T.);
#1982=IFCFACE((#1981));
#1983=IFCCARTESIANPOINT((3.1068516154720602,5.6486477388057272,-0.29999999999999993));
#1984=IFCPOLYLOOP((#1983,#1974,#1969,#1968));
#1985=IFCFACEOUTERBOUND(#1984,.T.);
#1986=IFCFACE((#1985));
#1987=IFCPOLYLOOP((#1979,#1983,#1968,#1967));
#1988=IFCFACEOUTERBOUND(#1987,.T.);
#1989=IFCFACE((#1988));
#1990=IFCPOLYLOOP((#1983,#1979,#1975,#1974));
#1991=IFCFACEOUTERBOUND(#1990,.T.);
#1992=IFCFACE((#1991));
#1993=IFCCLOSEDSHELL((#1954,#1961,#1966,#1973,#1978,#1982,#1986,#1989,#1992));
#1994=IFCFACETEDBREP(#1993);
#1995=IFCSTYLEDITEM(#1994,(#63),$);
#1996=IFCSHAPEREPRESENTATION(#24,'Body','Brep',(#1994));
#1997=IFCAXIS2PLACEMENT3D(#3,$,$);
#1998=IFCREPRESENTATIONMAP(#1997,#1996);
#1999=IFCCOLUMNTYPE('35nurmKjD58BHZFp_RRCK7',#18,'M_Concreto-Retangular-Coluna:15 x 30',$,$,(#2014),(#1998),'467182',$,.COLUMN.);
#2000=IFCMAPPEDITEM(#1998,#74);
#2001=IFCSHAPEREPRESENTATION(#24,'Body','MappedRepresentation',(#2000));
#2002=IFCPRODUCTDEFINITIONSHAPE($,$,(#2001));
#2003=IFCCARTESIANPOINT((0.,0.,1.));
#2004=IFCAXIS2PLACEMENT3D(#2003,$,$);
#2005=IFCLOCALPLACEMENT(#35,#2004);
#2006=IFCCOLUMN('35nurmKjD58BHZDp_RRCK7',#18,'M_Concreto-Retangular-Coluna:15 x 30:481521',$,'M_Concreto-Retangular-Coluna:15 x 30',#2005,#2002,'481521');
#2007=IFCPROPERTYSET('3n1UM82BhogZgLDneeiJ89',#18,'Pset_ColumnCommon',$,(#81,#83,#84));
#2008=IFCPROPERTYSET('3Kj$GNMoh94zYQL0SwHkjU',#18,'Pset_QuantityTakeOff',$,(#81));
#2009=IFCPROPERTYSINGLEVALUE('Reference',$,IFCLABEL('15 x 30'),$);
#2010=IFCPROPERTYSET('19NREX5gwE798MtHo5K7kf',#18,'Pset_ReinforcementBarPitchOfColumn',$,(#2009));
#2011=IFCRELDEFINESBYPROPERTIES('21lcg6eEEoUd3zwNWg7Q7v',#18,$,$,(#2006),#2007);
#2012=IFCRELDEFINESBYPROPERTIES('0m$bePbuRQ$VXV7ly$S7Ij',#18,$,$,(#2006),#2008);
#2013=IFCRELDEFINESBYPROPERTIES('07s99n7Dv5_b257YLLqfED',#18,$,$,(#2006),#2010);
#2014=IFCPROPERTYSET('3c4sjzCu_lgwaN94q7KuRv',#18,'Pset_ColumnCommon',$,(#84));
#2015=IFCAXIS2PLACEMENT3D(#3,$,$);
#2017=IFCCARTESIANPOINT((-0.083333333333332787,0.));
#2018=IFCAXIS2PLACEMENT2D(#2017,#11);
#2019=IFCRECTANGLEPROFILEDEF(.AREA.,'15 x 30',#2018,0.70000000000000018,0.30000000000000004);
#2020=IFCCARTESIANPOINT((-0.11814838448733936,1.4986477384331536,-0.56666666666666721));
#2021=IFCAXIS2PLACEMENT3D(#2020,#5,#9);
#2022=IFCEXTRUDEDAREASOLID(#2019,#2021,#9,0.14999999999999994);
#2023=IFCSTYLEDITEM(#2022,(#63),$);
#2024=IFCSHAPEREPRESENTATION(#24,'Body','SweptSolid',(#2022));
#2025=IFCAXIS2PLACEMENT3D(#3,$,$);
#2026=IFCREPRESENTATIONMAP(#2025,#2024);
#2027=IFCCOLUMNTYPE('35nurmKjD58BHZFp_RRCK5',#18,'M_Concreto-Retangular-Coluna:15 x 30',$,$,(#2042),(#2026),'467182',$,.COLUMN.);
#2028=IFCMAPPEDITEM(#2026,#74);
#2029=IFCSHAPEREPRESENTATION(#24,'Body','MappedRepresentation',(#2028));
#2030=IFCPRODUCTDEFINITIONSHAPE($,$,(#2029));
#2031=IFCCARTESIANPOINT((0.,0.,1.));
#2032=IFCAXIS2PLACEMENT3D(#2031,$,$);
#2033=IFCLOCALPLACEMENT(#35,#2032);
#2034=IFCCOLUMN('35nurmKjD58BHZDp_RRCK5',#18,'M_Concreto-Retangular-Coluna:15 x 30:481523',$,'M_Concreto-Retangular-Coluna:15 x 30',#2033,#2030,'481523');
#2035=IFCPROPERTYSET('0UtT0F7VOeriCvjH4HBqcw',#18,'Pset_ColumnCommon',$,(#81,#82,#83,#84));
#2036=IFCPROPERTYSET('22D1H0XUUHuiVoZhHwUuh8',#18,'Pset_QuantityTakeOff',$,(#81));
#2037=IFCPROPERTYSINGLEVALUE('Reference',$,IFCLABEL('15 x 30'),$);
#2038=IFCPROPERTYSET('0dUlRTATVJXoIEIPW8VQ$P',#18,'Pset_ReinforcementBarPitchOfColumn',$,(#2037));
#2039=IFCRELDEFINESBYPROPERTIES('2NN0VRyDuRDTRA2RCs81TZ',#18,$,$,(#2034),#2035);
#2040=IFCRELDEFINESBYPROPERTIES('0f4PJYPsN2tc76inKgLxvt',#18,$,$,(#2034),#2036);
#2041=IFCRELDEFINESBYPROPERTIES('2vnVXJUh$syuKNad4uDJMR',#18,$,$,(#2034),#2038);
#2042=IFCPROPERTYSET('1QHCsTe$iaX_Ln_m$Y3mRK',#18,'Pset_ColumnCommon',$,(#84));
#2043=IFCAXIS2PLACEMENT3D(#3,$,$);
#2045=IFCCARTESIANPOINT((-0.57499999999999962,-0.074999999999996486));
#2046=IFCCARTESIANPOINT((0.024999999999998784,-0.074999999999996486));
#2047=IFCCARTESIANPOINT((0.12500000000000047,-0.074999999999996486));
#2048=IFCCARTESIANPOINT((0.12500000000000047,0.));
#2049=IFCCARTESIANPOINT((0.42500000000000043,0.));
#2050=IFCCARTESIANPOINT((0.42500000000000043,0.075000000000003522));
#2051=IFCCARTESIANPOINT((0.024999999999998784,0.075000000000003522));
#2052=IFCCARTESIANPOINT((-0.57499999999999962,0.075000000000003522));
#2053=IFCPOLYLINE((#2045,#2046,#2047,#2048,#2049,#2050,#2051,#2052,#2045));
#2054=IFCARBITRARYCLOSEDPROFILEDEF(.AREA.,'15 x 30',#2053);
#2055=IFCCARTESIANPOINT((3.1068516154720576,1.3486477384331537,-0.42500000000000043));
#2056=IFCAXIS2PLACEMENT3D(#2055,#7,#9);
#2057=IFCEXTRUDEDAREASOLID(#2054,#2056,#9,0.30000000000000004);
#2058=IFCSTYLEDITEM(#2057,(#63),$);
#2059=IFCSHAPEREPRESENTATION(#24,'Body','SweptSolid',(#2057));
#2060=IFCAXIS2PLACEMENT3D(#3,$,$);
#2061=IFCREPRESENTATIONMAP(#2060,#2059);
#2062=IFCCOLUMNTYPE('35nurmKjD58BHZFp_RRCK2',#18,'M_Concreto-Retangular-Coluna:15 x 30',$,$,(#2077),(#2061),'467182',$,.COLUMN.);
#2063=IFCMAPPEDITEM(#2061,#74);
#2064=IFCSHAPEREPRESENTATION(#24,'Body','MappedRepresentation',(#2063));
#2065=IFCPRODUCTDEFINITIONSHAPE($,$,(#2064));
#2066=IFCCARTESIANPOINT((0.,0.,1.));
#2067=IFCAXIS2PLACEMENT3D(#2066,$,$);
#2068=IFCLOCALPLACEMENT(#35,#2067);
#2069=IFCCOLUMN('35nurmKjD58BHZDp_RRCK2',#18,'M_Concreto-Retangular-Coluna:15 x 30:481524',$,'M_Concreto-Retangular-Coluna:15 x 30',#2068,#2065,'481524');
#2070=IFCPROPERTYSET('2asrm9l30uu92WbhljMmRE',#18,'Pset_ColumnCommon',$,(#81,#83,#84));
#2071=IFCPROPERTYSET('0EnVJuiXMK8GIC$RWHwLs0',#18,'Pset_QuantityTakeOff',$,(#81));
#2072=IFCPROPERTYSINGLEVALUE('Reference',$,IFCLABEL('15 x 30'),$);
#2073=IFCPROPERTYSET('1_c_Jc3wR1VMtE98_m8HNP',#18,'Pset_ReinforcementBarPitchOfColumn',$,(#2072));
#2074=IFCRELDEFINESBYPROPERTIES('3CZu$GkNTj95vAXTfRIRxf',#18,$,$,(#2069),#2070);
#2075=IFCRELDEFINESBYPROPERTIES('2b_1YmhHXhnCm8jqMP7xmn',#18,$,$,(#2069),#2071);
#2076=IFCRELDEFINESBYPROPERTIES('2Bk5RJwT3zO3sR8RozmWJz',#18,$,$,(#2069),#2073);
#2077=IFCPROPERTYSET('2O1_AThbxx3XiUx49Uo4bU',#18,'Pset_ColumnCommon',$,(#84));
#2078=IFCAXIS2PLACEMENT3D(#3,$,$);
#2080=IFCCARTESIANPOINT((-0.57499999999999962,-0.074999999999999734));
#2081=IFCCARTESIANPOINT((0.024999999999998784,-0.074999999999999734));
#2082=IFCCARTESIANPOINT((0.12500000000000039,-0.074999999999999734));
#2083=IFCCARTESIANPOINT((0.12500000000000047,0.));
#2084=IFCCARTESIANPOINT((0.42500000000000043,0.));
#2085=IFCCARTESIANPOINT((0.42500000000000043,0.075000000000000275));
#2086=IFCCARTESIANPOINT((0.024999999999998784,0.075000000000000275));
#2087=IFCCARTESIANPOINT((-0.57499999999999962,0.075000000000000275));
#2088=IFCPOLYLINE((#2080,#2081,#2082,#2083,#2084,#2085,#2086,#2087,#2080));
#2089=IFCARBITRARYCLOSEDPROFILEDEF(.AREA.,'15 x 30',#2088);
#2090=IFCCARTESIANPOINT((-0.11814838448735289,-2.6513522619394139,-0.42500000000000043));
#2091=IFCAXIS2PLACEMENT3D(#2090,#5,#9);
#2092=IFCEXTRUDEDAREASOLID(#2089,#2091,#9,0.29999999999999988);
#2093=IFCSTYLEDITEM(#2092,(#63),$);
#2094=IFCSHAPEREPRESENTATION(#24,'Body','SweptSolid',(#2092));
#2095=IFCAXIS2PLACEMENT3D(#3,$,$);
#2096=IFCREPRESENTATIONMAP(#2095,#2094);
#2097=IFCCOLUMNTYPE('35nurmKjD58BHZFp_RRCK3',#18,'M_Concreto-Retangular-Coluna:15 x 30',$,$,(#2112),(#2096),'467182',$,.COLUMN.);
#2098=IFCMAPPEDITEM(#2096,#74);
#2099=IFCSHAPEREPRESENTATION(#24,'Body','MappedRepresentation',(#2098));
#2100=IFCPRODUCTDEFINITIONSHAPE($,$,(#2099));
#2101=IFCCARTESIANPOINT((0.,0.,1.));
#2102=IFCAXIS2PLACEMENT3D(#2101,$,$);
#2103=IFCLOCALPLACEMENT(#35,#2102);
#2104=IFCCOLUMN('35nurmKjD58BHZDp_RRCK3',#18,'M_Concreto-Retangular-Coluna:15 x 30:481525',$,'M_Concreto-Retangular-Coluna:15 x 30',#2103,#2100,'481525');
#2105=IFCPROPERTYSET('1x60nayAepZ6aBarnSoikK',#18,'Pset_ColumnCommon',$,(#81,#83,#84));
#2106=IFCPROPERTYSET('1Lh4x3j2OAhWt5_EuPbBn7',#18,'Pset_QuantityTakeOff',$,(#81));
#2107=IFCPROPERTYSINGLEVALUE('Reference',$,IFCLABEL('15 x 30'),$);
#2108=IFCPROPERTYSET('1Sv3_rok$uaL_6Mbendu93',#18,'Pset_ReinforcementBarPitchOfColumn',$,(#2107));
#2109=IFCRELDEFINESBYPROPERTIES('1TLH2PlLMHOF9xl3LueRkT',#18,$,$,(#2104),#2105);
#2110=IFCRELDEFINESBYPROPERTIES('2YGb0btzAE$5LUvAEHWQnR',#18,$,$,(#2104),#2106);
#2111=IFCRELDEFINESBYPROPERTIES('2uUy2864ttQVit7XrBvx3W',#18,$,$,(#2104),#2108);
#2112=IFCPROPERTYSET('2jIMbvef9fIXOXFNaZ_ilH',#18,'Pset_ColumnCommon',$,(#84));
#2113=IFCAXIS2PLACEMENT3D(#3,$,$);
#2115=IFCCARTESIANPOINT((3.1818516154720609,-2.4263522619394138,-1.));
#2116=IFCCARTESIANPOINT((3.1818516154720609,-2.726352261939414,-1.));
#2117=IFCCARTESIANPOINT((3.0318516154720609,-2.726352261939414,-1.));
#2118=IFCCARTESIANPOINT((3.0318516154720609,-2.4263522619394138,-1.));
#2119=IFCPOLYLOOP((#2115,#2116,#2117,#2118));
#2120=IFCFACEOUTERBOUND(#2119,.T.);
#2121=IFCFACE((#2120));
#2122=IFCCARTESIANPOINT((3.1818516154720609,-2.4263522619394138,-0.40000000000000174));
#2123=IFCCARTESIANPOINT((3.1818516154720609,-2.4263522619394138,0.));
#2124=IFCCARTESIANPOINT((3.1818516154720609,-2.726352261939414,0.));
#2125=IFCCARTESIANPOINT((3.1818516154720609,-2.726352261939414,-0.40000000000000163));
#2126=IFCPOLYLOOP((#2116,#2115,#2122,#2123,#2124,#2125));
#2127=IFCFACEOUTERBOUND(#2126,.T.);
#2128=IFCFACE((#2127));
#2129=IFCCARTESIANPOINT((3.0318516154720609,-2.726352261939414,0.));
#2130=IFCCARTESIANPOINT((3.0318516154720609,-2.726352261939414,-0.40000000000000163));
#2131=IFCPOLYLOOP((#2117,#2116,#2125,#2124,#2129,#2130));
#2132=IFCFACEOUTERBOUND(#2131,.T.);
#2133=IFCFACE((#2132));
#2134=IFCCARTESIANPOINT((3.0318516154720609,-2.651352261939433,0.));
#2135=IFCCARTESIANPOINT((3.0318516154720609,-2.651352261939433,-0.29999999999999993));
#2136=IFCCARTESIANPOINT((3.0318516154720609,-2.4263522619394138,-0.29999999999999993));
#2137=IFCCARTESIANPOINT((3.0318516154720609,-2.4263522619394138,-0.40000000000000163));
#2138=IFCPOLYLOOP((#2118,#2117,#2130,#2129,#2134,#2135,#2136,#2137));
#2139=IFCFACEOUTERBOUND(#2138,.T.);
#2140=IFCFACE((#2139));
#2141=IFCCARTESIANPOINT((3.1068516154720478,-2.4263522619394138,-0.29999999999999993));
#2142=IFCCARTESIANPOINT((3.1068516154720478,-2.4263522619394138,0.));
#2143=IFCPOLYLOOP((#2115,#2118,#2137,#2136,#2141,#2142,#2123,#2122));
#2144=IFCFACEOUTERBOUND(#2143,.T.);
#2145=IFCFACE((#2144));
#2146=IFCCARTESIANPOINT((3.1068516154720478,-2.651352261939433,0.));
#2147=IFCPOLYLOOP((#2124,#2123,#2142,#2146,#2134,#2129));
#2148=IFCFACEOUTERBOUND(#2147,.T.);
#2149=IFCFACE((#2148));
#2150=IFCCARTESIANPOINT((3.1068516154720478,-2.651352261939433,-0.29999999999999993));
#2151=IFCPOLYLOOP((#2135,#2150,#2141,#2136));
#2152=IFCFACEOUTERBOUND(#2151,.T.);
#2153=IFCFACE((#2152));
#2154=IFCPOLYLOOP((#2150,#2146,#2142,#2141));
#2155=IFCFACEOUTERBOUND(#2154,.T.);
#2156=IFCFACE((#2155));
#2157=IFCPOLYLOOP((#2146,#2150,#2135,#2134));
#2158=IFCFACEOUTERBOUND(#2157,.T.);
#2159=IFCFACE((#2158));
#2160=IFCCLOSEDSHELL((#2121,#2128,#2133,#2140,#2145,#2149,#2153,#2156,#2159));
#2161=IFCFACETEDBREP(#2160);
#2162=IFCSTYLEDITEM(#2161,(#63),$);
#2163=IFCSHAPEREPRESENTATION(#24,'Body','Brep',(#2161));
#2164=IFCAXIS2PLACEMENT3D(#3,$,$);
#2165=IFCREPRESENTATIONMAP(#2164,#2163);
#2166=IFCCOLUMNTYPE('35nurmKjD58BHZFp_RRCK0',#18,'M_Concreto-Retangular-Coluna:15 x 30',$,$,(#2181),(#2165),'467182',$,.COLUMN.);
#2167=IFCMAPPEDITEM(#2165,#74);
#2168=IFCSHAPEREPRESENTATION(#24,'Body','MappedRepresentation',(#2167));
#2169=IFCPRODUCTDEFINITIONSHAPE($,$,(#2168));
#2170=IFCCARTESIANPOINT((0.,0.,1.));
#2171=IFCAXIS2PLACEMENT3D(#2170,$,$);
#2172=IFCLOCALPLACEMENT(#35,#2171);
#2173=IFCCOLUMN('35nurmKjD58BHZDp_RRCK0',#18,'M_Concreto-Retangular-Coluna:15 x 30:481526',$,'M_Concreto-Retangular-Coluna:15 x 30',#2172,#2169,'481526');
#2174=IFCPROPERTYSET('2gI$FlkZqVeKyd9_Xa_e_i',#18,'Pset_ColumnCommon',$,(#81,#83,#84));
#2175=IFCPROPERTYSET('0oobbH$B7uZfab2nhH3C2q',#18,'Pset_QuantityTakeOff',$,(#81));
#2176=IFCPROPERTYSINGLEVALUE('Reference',$,IFCLABEL('15 x 30'),$);
#2177=IFCPROPERTYSET('1zUPd$wrC5gPEUxDxMQzkX',#18,'Pset_ReinforcementBarPitchOfColumn',$,(#2176));
#2178=IFCRELDEFINESBYPROPERTIES('3EpSPn7KflMrq5B8KyxLHi',#18,$,$,(#2173),#2174);
#2179=IFCRELDEFINESBYPROPERTIES('0DbI5$dIc5kedaZo4DDrqD',#18,$,$,(#2173),#2175);
#2180=IFCRELDEFINESBYPROPERTIES('3Ho9UxjqDqOwKy8dqJ9FKT',#18,$,$,(#2173),#2177);
#2181=IFCPROPERTYSET('37YO7AogXE5KBteUDKQAb9',#18,'Pset_ColumnCommon',$,(#84));
#2182=IFCAXIS2PLACEMENT3D(#3,$,$);
#2183=IFCLOCALPLACEMENT(#35,#2182);
#2184=IFCCARTESIANPOINT((-2.4980018054066022E-16,-2.4980018054066022E-16));
#2185=IFCAXIS2PLACEMENT2D(#2184,#11);
#2186=IFCRECTANGLEPROFILEDEF(.AREA.,'1800 x 1200 x 450mm',#2185,0.99999999999999956,0.99999999999999956);
#2187=IFCCARTESIANPOINT((-3.1181483843357847,4.9486477399233619,-0.40000000000000002));
#2188=IFCAXIS2PLACEMENT3D(#2187,#9,#6);
#2189=IFCEXTRUDEDAREASOLID(#2186,#2188,#9,0.40000000000000002);
#2190=IFCSTYLEDITEM(#2189,(#63),$);
#2191=IFCSHAPEREPRESENTATION(#24,'Body','SweptSolid',(#2189));
#2192=IFCPRODUCTDEFINITIONSHAPE($,$,(#2191));
#2193=IFCSLAB('35nurmKjD58BHZDp_RRCVY',#18,'M_Sapata-Retangular:1800 x 1200 x 450mm:481812',$,'M_Sapata-Retangular:1800 x 1200 x 450mm',#2183,#2192,'481812',.BASESLAB.);
#2194=IFCSLABTYPE('1qv6ynVKX7xf87anS8vNo2',#18,'M_Sapata-Retangular:1800 x 1200 x 450mm',$,$,$,$,'1744',$,.BASESLAB.);
#2195=IFCPROPERTYSINGLEVALUE('Reference',$,IFCIDENTIFIER('1800 x 1200 x 450mm'),$);
#2196=IFCPROPERTYSET('2QDquPWQWyM1UJjPdTymXs',#18,'Pset_QuantityTakeOff',$,(#2195));
#2197=IFCPROPERTYSINGLEVALUE('Reference',$,IFCLABEL('1800 x 1200 x 450mm'),$);
#2198=IFCPROPERTYSET('2fez_Wob79Hi95if$pTulH',#18,'Pset_ReinforcementBarPitchOfSlab',$,(#2197));
#2199=IFCPROPERTYSET('3I97ihIy$fImRG_GjPOrlU',#18,'Pset_SlabCommon',$,(#83,#2195));
#2200=IFCRELDEFINESBYPROPERTIES('3OcTRQcVynTRK3IOk6cW3z',#18,$,$,(#2193),#2196);
#2201=IFCRELDEFINESBYPROPERTIES('0Zy7cbCnkubOlDbl9SS4jH',#18,$,$,(#2193),#2198);
#2202=IFCRELDEFINESBYPROPERTIES('0xLYZs96rRtNeXWNncTbas',#18,$,$,(#2193),#2199);
#2203=IFCAXIS2PLACEMENT3D(#3,$,$);
#2204=IFCLOCALPLACEMENT(#35,#2203);
#2205=IFCCARTESIANPOINT((-2.4980018054066022E-16,0.));
#2206=IFCAXIS2PLACEMENT2D(#2205,#11);
#2207=IFCRECTANGLEPROFILEDEF(.AREA.,'1800 x 1200 x 450mm',#2206,0.99999999999999956,1.);
#2208=IFCCARTESIANPOINT((3.0318516154720476,5.6486477388056953,-0.40000000000000002));
#2209=IFCAXIS2PLACEMENT3D(#2208,#9,#6);
#2210=IFCEXTRUDEDAREASOLID(#2207,#2209,#9,0.40000000000000002);
#2211=IFCSTYLEDITEM(#2210,(#63),$);
#2212=IFCSHAPEREPRESENTATION(#24,'Body','SweptSolid',(#2210));
#2213=IFCPRODUCTDEFINITIONSHAPE($,$,(#2212));
#2214=IFCSLAB('35nurmKjD58BHZDp_RRCTN',#18,'M_Sapata-Retangular:1800 x 1200 x 450mm:481953',$,'M_Sapata-Retangular:1800 x 1200 x 450mm',#2204,#2213,'481953',.BASESLAB.);
#2215=IFCPROPERTYSET('0sJa04O18g9SPbJAmCkJFJ',#18,'Pset_QuantityTakeOff',$,(#2195));
#2216=IFCPROPERTYSINGLEVALUE('Reference',$,IFCLABEL('1800 x 1200 x 450mm'),$);
#2217=IFCPROPERTYSET('2hIs7reK0E6cwh8pbfRGiZ',#18,'Pset_ReinforcementBarPitchOfSlab',$,(#2216));
#2218=IFCPROPERTYSET('1Z_m1gpUQNFFYj2X6BhwAc',#18,'Pset_SlabCommon',$,(#83,#2195));
#2219=IFCRELDEFINESBYPROPERTIES('3k1vkQO_YQuzs8hJtce1$V',#18,$,$,(#2214),#2215);
#2220=IFCRELDEFINESBYPROPERTIES('0U0jhbwEhJEy3$0CCZzK77',#18,$,$,(#2214),#2217);
#2221=IFCRELDEFINESBYPROPERTIES('2$0uPIYUjelZ04NFvDjeTi',#18,$,$,(#2214),#2218);
#2222=IFCAXIS2PLACEMENT3D(#3,$,$);
#2223=IFCLOCALPLACEMENT(#35,#2222);
#2224=IFCCARTESIANPOINT((2.4980018054066022E-16,-1.9428902930940239E-16));
#2225=IFCAXIS2PLACEMENT2D(#2224,#11);
#2226=IFCRECTANGLEPROFILEDEF(.AREA.,'1800 x 1200 x 450mm',#2225,0.99999999999999956,0.99999999999999956);
#2227=IFCCARTESIANPOINT((3.1088516154775254,1.4986477384331465,-0.40000000000000002));
#2228=IFCAXIS2PLACEMENT3D(#2227,#9,#6);
#2229=IFCEXTRUDEDAREASOLID(#2226,#2228,#9,0.40000000000000002);
#2230=IFCSTYLEDITEM(#2229,(#63),$);
#2231=IFCSHAPEREPRESENTATION(#24,'Body','SweptSolid',(#2229));
#2232=IFCPRODUCTDEFINITIONSHAPE($,$,(#2231));
#2233=IFCSLAB('35nurmKjD58BHZDp_RRCOG',#18,'M_Sapata-Retangular:1800 x 1200 x 450mm:482278',$,'M_Sapata-Retangular:1800 x 1200 x 450mm',#2223,#2232,'482278',.BASESLAB.);
#2234=IFCPROPERTYSET('07OdB2HKBgMExh1Pqgetub',#18,'Pset_QuantityTakeOff',$,(#2195));
#2235=IFCPROPERTYSINGLEVALUE('Reference',$,IFCLABEL('1800 x 1200 x 450mm'),$);
#2236=IFCPROPERTYSET('2biBM$dkNnJJvqxF6EiYtK',#18,'Pset_ReinforcementBarPitchOfSlab',$,(#2235));
#2237=IFCPROPERTYSET('3YkhK2FdXCGPj4YMKYPPVC',#18,'Pset_SlabCommon',$,(#83,#2195));
#2238=IFCRELDEFINESBYPROPERTIES('3yGiNAGguLjTMpDSxL3DuO',#18,$,$,(#2233),#2234);
#2239=IFCRELDEFINESBYPROPERTIES('1i9sAwRQlwTsGet55Ay9I4',#18,$,$,(#2233),#2236);
#2240=IFCRELDEFINESBYPROPERTIES('2Wkx_U16GoWirIudEUf4sr',#18,$,$,(#2233),#2237);
#2241=IFCAXIS2PLACEMENT3D(#3,$,$);
#2242=IFCLOCALPLACEMENT(#35,#2241);
#2243=IFCCARTESIANPOINT((0.,5.5511151231257827E-17));
#2244=IFCAXIS2PLACEMENT2D(#2243,#11);
#2245=IFCRECTANGLEPROFILEDEF(.AREA.,'1800 x 1200 x 450mm',#2244,0.99999999999999967,0.99999999999999967);
#2246=IFCCARTESIANPOINT((-0.043148384487329862,1.4986477384331569,-0.40000000000000002));
#2247=IFCAXIS2PLACEMENT3D(#2246,#9,#6);
#2248=IFCEXTRUDEDAREASOLID(#2245,#2247,#9,0.40000000000000002);
#2249=IFCSTYLEDITEM(#2248,(#63),$);
#2250=IFCSHAPEREPRESENTATION(#24,'Body','SweptSolid',(#2248));
#2251=IFCPRODUCTDEFINITIONSHAPE($,$,(#2250));
#2252=IFCSLAB('35nurmKjD58BHZDp_RRC67',#18,'M_Sapata-Retangular:1800 x 1200 x 450mm:482417',$,'M_Sapata-Retangular:1800 x 1200 x 450mm',#2242,#2251,'482417',.BASESLAB.);
#2253=IFCPROPERTYSET('1zKyFVWSh03iKWb7Iqto0V',#18,'Pset_QuantityTakeOff',$,(#2195));
#2254=IFCPROPERTYSINGLEVALUE('Reference',$,IFCLABEL('1800 x 1200 x 450mm'),$);
#2255=IFCPROPERTYSET('2ZYwjgv9vwnlL$5V6lrw1I',#18,'Pset_ReinforcementBarPitchOfSlab',$,(#2254));
#2256=IFCPROPERTYSET('2B7KFTP7O2giw2Ikgc0U4F',#18,'Pset_SlabCommon',$,(#83,#2195));
#2257=IFCRELDEFINESBYPROPERTIES('1vGYC71xd3vfQgjxMp10xf',#18,$,$,(#2252),#2253);
#2258=IFCRELDEFINESBYPROPERTIES('3KMJ6dO_uZYZ4gGNDoFdCP',#18,$,$,(#2252),#2255);
#2259=IFCRELDEFINESBYPROPERTIES('1YPKL1AOvUzG14dwLJlmk$',#18,$,$,(#2252),#2256);
#2260=IFCAXIS2PLACEMENT3D(#3,$,$);
#2261=IFCLOCALPLACEMENT(#35,#2260);
#2262=IFCCARTESIANPOINT((0.,2.4980018054066022E-16));
#2263=IFCAXIS2PLACEMENT2D(#2262,#11);
#2264=IFCRECTANGLEPROFILEDEF(.AREA.,'1800 x 1200 x 450mm',#2263,0.99999999999999967,0.99999999999999956);
#2265=IFCCARTESIANPOINT((-0.043148384487336357,-2.651352261939409,-0.40000000000000002));
#2266=IFCAXIS2PLACEMENT3D(#2265,#9,#6);
#2267=IFCEXTRUDEDAREASOLID(#2264,#2266,#9,0.40000000000000002);
#2268=IFCSTYLEDITEM(#2267,(#63),$);
#2269=IFCSHAPEREPRESENTATION(#24,'Body','SweptSolid',(#2267));
#2270=IFCPRODUCTDEFINITIONSHAPE($,$,(#2269));
#2271=IFCSLAB('35nurmKjD58BHZDp_RRC5O',#18,'M_Sapata-Retangular:1800 x 1200 x 450mm:482478',$,'M_Sapata-Retangular:1800 x 1200 x 450mm',#2261,#2270,'482478',.BASESLAB.);
#2272=IFCPROPERTYSET('2g1TfL2NS97z1HtyQbZqF_',#18,'Pset_QuantityTakeOff',$,(#2195));
#2273=IFCPROPERTYSINGLEVALUE('Reference',$,IFCLABEL('1800 x 1200 x 450mm'),$);
#2274=IFCPROPERTYSET('1K1swxqHdRlk6dX6YGG4ll',#18,'Pset_ReinforcementBarPitchOfSlab',$,(#2273));
#2275=IFCPROPERTYSET('2te$IdZVK9tIrPEvDkrzsv',#18,'Pset_SlabCommon',$,(#83,#2195));
#2276=IFCRELDEFINESBYPROPERTIES('0wrkMRh999T24THNx$QvH8',#18,$,$,(#2271),#2272);
#2277=IFCRELDEFINESBYPROPERTIES('0Hf$n2lNbQYYBu6GM1GwoY',#18,$,$,(#2271),#2274);
#2278=IFCRELDEFINESBYPROPERTIES('1fBrZNt6wfLr4vunTShZLq',#18,$,$,(#2271),#2275);
#2279=IFCAXIS2PLACEMENT3D(#3,$,$);
#2280=IFCLOCALPLACEMENT(#35,#2279);
#2281=IFCCARTESIANPOINT((2.4980018054066022E-16,2.4980018054066022E-16));
#2282=IFCAXIS2PLACEMENT2D(#2281,#11);
#2283=IFCRECTANGLEPROFILEDEF(.AREA.,'1800 x 1200 x 450mm',#2282,0.99999999999999956,0.99999999999999956);
#2284=IFCCARTESIANPOINT((3.1088516154775188,-2.6513522619394196,-0.40000000000000002));
#2285=IFCAXIS2PLACEMENT3D(#2284,#9,#6);
#2286=IFCEXTRUDEDAREASOLID(#2283,#2285,#9,0.40000000000000002);
#2287=IFCSTYLEDITEM(#2286,(#63),$);
#2288=IFCSHAPEREPRESENTATION(#24,'Body','SweptSolid',(#2286));
#2289=IFCPRODUCTDEFINITIONSHAPE($,$,(#2288));
#2290=IFCSLAB('35nurmKjD58BHZDp_RRC3Z',#18,'M_Sapata-Retangular:1800 x 1200 x 450mm:482581',$,'M_Sapata-Retangular:1800 x 1200 x 450mm',#2280,#2289,'482581',.BASESLAB.);
#2291=IFCPROPERTYSET('0sshMiYn5sdhSfYD9IOXka',#18,'Pset_QuantityTakeOff',$,(#2195));
#2292=IFCPROPERTYSINGLEVALUE('Reference',$,IFCLABEL('1800 x 1200 x 450mm'),$);
#2293=IFCPROPERTYSET('0M9$7BTBlWgi2m9NkAJ6uQ',#18,'Pset_ReinforcementBarPitchOfSlab',$,(#2292));
#2294=IFCPROPERTYSET('2MJ_7tRJRFc$QxsRSXsHN9',#18,'Pset_SlabCommon',$,(#83,#2195));
#2295=IFCRELDEFINESBYPROPERTIES('2G3rGceHOzXg7bc1emz7nR',#18,$,$,(#2290),#2291);
#2296=IFCRELDEFINESBYPROPERTIES('1bYJDzVmgnfsKj46qR2O1R',#18,$,$,(#2290),#2293);
#2297=IFCRELDEFINESBYPROPERTIES('1TbFli9vAj$b6fBPGXI9lA',#18,$,$,(#2290),#2294);
#2298=IFCAXIS2PLACEMENT3D(#3,$,$);
#2299=IFCLOCALPLACEMENT(#35,#2298);
#2300=IFCCARTESIANPOINT((-2.4980018054066022E-16,-2.4980018054066022E-16));
#2301=IFCAXIS2PLACEMENT2D(#2300,#11);
#2302=IFCRECTANGLEPROFILEDEF(.AREA.,'1800 x 1200 x 450mm',#2301,0.99999999999999956,0.99999999999999956);
#2303=IFCCARTESIANPOINT((-3.1951483843418198,-2.6513522619393997,-0.40000000000000002));
#2304=IFCAXIS2PLACEMENT3D(#2303,#9,#6);
#2305=IFCEXTRUDEDAREASOLID(#2302,#2304,#9,0.40000000000000002);
#2306=IFCSTYLEDITEM(#2305,(#63),$);
#2307=IFCSHAPEREPRESENTATION(#24,'Body','SweptSolid',(#2305));
#2308=IFCPRODUCTDEFINITIONSHAPE($,$,(#2307));
#2309=IFCSLAB('35nurmKjD58BHZDp_RRC20',#18,'M_Sapata-Retangular:1800 x 1200 x 450mm:482678',$,'M_Sapata-Retangular:1800 x 1200 x 450mm',#2299,#2308,'482678',.BASESLAB.);
#2310=IFCPROPERTYSET('3HHNlqI9d$IUnQQbqHtWQ5',#18,'Pset_QuantityTakeOff',$,(#2195));
#2311=IFCPROPERTYSINGLEVALUE('Reference',$,IFCLABEL('1800 x 1200 x 450mm'),$);
#2312=IFCPROPERTYSET('2LGEQM$9J2VJwQQkkW_srn',#18,'Pset_ReinforcementBarPitchOfSlab',$,(#2311));
#2313=IFCPROPERTYSET('1w7$0sK175o09jMXru2Jox',#18,'Pset_SlabCommon',$,(#83,#2195));
#2314=IFCRELDEFINESBYPROPERTIES('0hQ_RfBXtTYtv7plmr5El9',#18,$,$,(#2309),#2310);
#2315=IFCRELDEFINESBYPROPERTIES('0Mn6VzLRdpn2yw2D4$YEal',#18,$,$,(#2309),#2312);
#2316=IFCRELDEFINESBYPROPERTIES('1lZbIezM78PHArjublISZ1',#18,$,$,(#2309),#2313);
#2317=IFCAXIS2PLACEMENT3D(#3,$,$);
#2318=IFCLOCALPLACEMENT(#35,#2317);
#2319=IFCCARTESIANPOINT((2.4980018054066022E-16,5.5511151231257827E-17));
#2320=IFCAXIS2PLACEMENT2D(#2319,#11);
#2321=IFCRECTANGLEPROFILEDEF(.AREA.,'1800 x 1200 x 450mm',#2320,0.99999999999999956,0.99999999999999967);
#2322=IFCCARTESIANPOINT((-3.1951483843418127,1.4986477384331671,-0.40000000000000002));
#2323=IFCAXIS2PLACEMENT3D(#2322,#9,#6);
#2324=IFCEXTRUDEDAREASOLID(#2321,#2323,#9,0.40000000000000002);
#2325=IFCSTYLEDITEM(#2324,(#63),$);
#2326=IFCSHAPEREPRESENTATION(#24,'Body','SweptSolid',(#2324));
#2327=IFCPRODUCTDEFINITIONSHAPE($,$,(#2326));
#2328=IFCSLAB('35nurmKjD58BHZDp_RRCFt',#18,'M_Sapata-Retangular:1800 x 1200 x 450mm:482817',$,'M_Sapata-Retangular:1800 x 1200 x 450mm',#2318,#2327,'482817',.BASESLAB.);
#2329=IFCPROPERTYSET('3UXggwDShdYQIQoPbd6fpQ',#18,'Pset_QuantityTakeOff',$,(#2195));
#2330=IFCPROPERTYSINGLEVALUE('Reference',$,IFCLABEL('1800 x 1200 x 450mm'),$);
#2331=IFCPROPERTYSET('0NLfCK$p$68kxoUaS9HdcE',#18,'Pset_ReinforcementBarPitchOfSlab',$,(#2330));
#2332=IFCPROPERTYSET('1LX1DTtpLYQCv_BVNd5y4j',#18,'Pset_SlabCommon',$,(#83,#2195));
#2333=IFCRELDEFINESBYPROPERTIES('27DnOQOK2rSVmh0Q5ESqSe',#18,$,$,(#2328),#2329);
#2334=IFCRELDEFINESBYPROPERTIES('0GmU_fXF7eLA8cCHnaF$Zm',#18,$,$,(#2328),#2331);
#2335=IFCRELDEFINESBYPROPERTIES('3gSoB$AFqY1B44q3bpQZR2',#18,$,$,(#2328),#2332);
#2336=IFCAXIS2PLACEMENT3D(#3,$,$);
#2337=IFCLOCALPLACEMENT(#35,#2336);
#2338=IFCCARTESIANPOINT((0.,0.));
#2339=IFCAXIS2PLACEMENT2D(#2338,#11);
#2340=IFCRECTANGLEPROFILEDEF(.AREA.,'1800 x 1200 x 450mm',#2339,0.99999999999999967,1.);
#2341=IFCCARTESIANPOINT((-0.04314838448732318,5.5736477391782397,-0.40000000000000002));
#2342=IFCAXIS2PLACEMENT3D(#2341,#9,#6);
#2343=IFCEXTRUDEDAREASOLID(#2340,#2342,#9,0.40000000000000002);
#2344=IFCSTYLEDITEM(#2343,(#63),$);
#2345=IFCSHAPEREPRESENTATION(#24,'Body','SweptSolid',(#2343));
#2346=IFCPRODUCTDEFINITIONSHAPE($,$,(#2345));
#2347=IFCSLAB('35nurmKjD58BHZDp_RRC8G',#18,'M_Sapata-Retangular:1800 x 1200 x 450mm:483302',$,'M_Sapata-Retangular:1800 x 1200 x 450mm',#2337,#2346,'483302',.BASESLAB.);
#2348=IFCPROPERTYSET('1ju_BIxu54CTK_ea$JLA9f',#18,'Pset_QuantityTakeOff',$,(#2195));
#2349=IFCPROPERTYSINGLEVALUE('Reference',$,IFCLABEL('1800 x 1200 x 450mm'),$);
#2350=IFCPROPERTYSET('3N6nP5$YgklVESO$3U$hlA',#18,'Pset_ReinforcementBarPitchOfSlab',$,(#2349));
#2351=IFCPROPERTYSET('2DzDn50Hymzlk6RCaNuCh0',#18,'Pset_SlabCommon',$,(#83,#2195));
#2352=IFCRELDEFINESBYPROPERTIES('1oxn0qd2lHKklO4A4y8UUa',#18,$,$,(#2347),#2348);
#2353=IFCRELDEFINESBYPROPERTIES('3Hiw9gdwaz5B41pLyuBS$$',#18,$,$,(#2347),#2350);
#2354=IFCRELDEFINESBYPROPERTIES('3EgZ1zSIR7udMw3iDTt1FG',#18,$,$,(#2347),#2351);
#2355=IFCAXIS2PLACEMENT3D(#3,$,$);
#2356=IFCLOCALPLACEMENT(#38,#2355);
#2357=IFCCARTESIANPOINT((0.,0.));
#2358=IFCAXIS2PLACEMENT2D(#2357,#11);
#2359=IFCRECTANGLEPROFILEDEF(.AREA.,$,#2358,4.1500000003725939,3.1499999999593999);
#2360=IFCCARTESIANPOINT((1.5318516154923603,3.5736477386194303,0.));
#2361=IFCAXIS2PLACEMENT3D(#2360,#10,#7);
#2362=IFCEXTRUDEDAREASOLID(#2359,#2361,#9,0.29999999999999993);
#2363=IFCCOLOURRGB($,0.49803921568627452,0.49803921568627452,0.49803921568627452);
#2364=IFCSURFACESTYLERENDERING(#2363,0.,$,$,$,$,IFCNORMALISEDRATIOMEASURE(0.5),IFCSPECULAREXPONENT(64.),.NOTDEFINED.);
#2365=IFCSURFACESTYLE('Material pr\X\E9-definido de piso',.BOTH.,(#2364));
#2366=IFCPRESENTATIONSTYLEASSIGNMENT((#2365));
#2367=IFCSTYLEDITEM(#2362,(#2366),$);
#2368=IFCSHAPEREPRESENTATION(#24,'Body','SweptSolid',(#2362));
#2369=IFCPRODUCTDEFINITIONSHAPE($,$,(#2368));
#2370=IFCSLAB('35nurmKjD58BHZDp_RRFsw',#18,'Piso:Gen\X\E9rico 300 mm:483404',$,'Piso:Gen\X\E9rico 300 mm',#2356,#2369,'483404',.FLOOR.);
#2371=IFCSLABTYPE('1qv6ynVKX7xf87anS8vNWc',#18,'Piso:Gen\X\E9rico 300 mm',$,$,$,$,'628',$,.FLOOR.);
#2372=IFCMATERIAL('Material pr\X\E9-definido de piso');
#2373=IFCPRESENTATIONSTYLEASSIGNMENT((#2365));
#2374=IFCSTYLEDITEM($,(#2373),$);
#2375=IFCSTYLEDREPRESENTATION(#22,'Style','Material',(#2374));
#2376=IFCMATERIALDEFINITIONREPRESENTATION($,$,(#2375),#2372);
#2377=IFCMATERIALLAYER(#2372,0.29999999999999993,$);
#2378=IFCMATERIALLAYERSET((#2377),'Piso:Gen\X\E9rico 300 mm');
#2379=IFCMATERIALLAYERSETUSAGE(#2378,.AXIS3.,.POSITIVE.,0.);
#2380=IFCPROPERTYSINGLEVALUE('Reference',$,IFCIDENTIFIER('Gen\X\E9rico 300 mm'),$);
#2381=IFCPROPERTYSET('2jammmw$V2a9ZxsB_j4tAp',#18,'Pset_QuantityTakeOff',$,(#2380));
#2382=IFCPROPERTYSINGLEVALUE('Reference',$,IFCLABEL('Gen\X\E9rico 300 mm'),$);
#2383=IFCPROPERTYSET('2m2lGe6_g$c2hU6wrcwJ$B',#18,'Pset_ReinforcementBarPitchOfSlab',$,(#2382));
#2384=IFCPROPERTYSINGLEVALUE('PitchAngle',$,IFCPLANEANGLEMEASURE(0.),$);
#2385=IFCPROPERTYSET('3DPsxzmQK09ChZvpo9a28s',#18,'Pset_SlabCommon',$,(#83,#84,#2380,#2384));
#2386=IFCRELDEFINESBYPROPERTIES('3TH481$6gJTo2Xb7vJ3S6K',#18,$,$,(#2370),#2381);
#2387=IFCRELDEFINESBYPROPERTIES('1xHw_OPDvqVSYcTtpF3Dn4',#18,$,$,(#2370),#2383);
#2388=IFCRELDEFINESBYPROPERTIES('1sdyXws3y52IT11LbEkkCj',#18,$,$,(#2370),#2385);
#2389=IFCAXIS2PLACEMENT3D(#3,$,$);
#2390=IFCLOCALPLACEMENT(#38,#2389);
#2391=IFCCARTESIANPOINT((0.,0.));
#2392=IFCAXIS2PLACEMENT2D(#2391,#11);
#2393=IFCRECTANGLEPROFILEDEF(.AREA.,$,#2392,4.1500000003725663,3.1499999999593875);
#2394=IFCCARTESIANPOINT((1.531851615492354,-0.57635226175314969,0.));
#2395=IFCAXIS2PLACEMENT3D(#2394,#10,#7);
#2396=IFCEXTRUDEDAREASOLID(#2393,#2395,#9,0.29999999999999993);
#2397=IFCSTYLEDITEM(#2396,(#2366),$);
#2398=IFCSHAPEREPRESENTATION(#24,'Body','SweptSolid',(#2396));
#2399=IFCPRODUCTDEFINITIONSHAPE($,$,(#2398));
#2400=IFCSLAB('35nurmKjD58BHZDp_RRFsR',#18,'Piso:Gen\X\E9rico 300 mm:483437',$,'Piso:Gen\X\E9rico 300 mm',#2390,#2399,'483437',.FLOOR.);
#2401=IFCMATERIALLAYERSETUSAGE(#2378,.AXIS3.,.POSITIVE.,0.);
#2402=IFCPROPERTYSET('2ANKNig$KT8VXMSKh$I5w_',#18,'Pset_QuantityTakeOff',$,(#2380));
#2403=IFCPROPERTYSINGLEVALUE('Reference',$,IFCLABEL('Gen\X\E9rico 300 mm'),$);
#2404=IFCPROPERTYSET('0cGlvkRyEZdeerjnX_QQ3f',#18,'Pset_ReinforcementBarPitchOfSlab',$,(#2403));
#2405=IFCPROPERTYSET('1QX5xIzxOPfv8PSDMehQyP',#18,'Pset_SlabCommon',$,(#83,#84,#2380,#2384));
#2406=IFCRELDEFINESBYPROPERTIES('2AAbN8AwFczEj23iE7O6W0',#18,$,$,(#2400),#2402);
#2407=IFCRELDEFINESBYPROPERTIES('2ZfBfZawuJcEA2BJz98cT$',#18,$,$,(#2400),#2404);
#2408=IFCRELDEFINESBYPROPERTIES('0dM29HrvYgZkWQGy8$vmzf',#18,$,$,(#2400),#2405);
#2409=IFCAXIS2PLACEMENT3D(#3,$,$);
#2410=IFCLOCALPLACEMENT(#38,#2409);
#2411=IFCCARTESIANPOINT((0.,0.));
#2412=IFCAXIS2PLACEMENT2D(#2411,#11);
#2413=IFCRECTANGLEPROFILEDEF(.AREA.,$,#2412,4.1500000003725805,3.1519999998544597);
#2414=IFCCARTESIANPOINT((-1.6191483844145829,-0.57635226175312337,0.));
#2415=IFCAXIS2PLACEMENT3D(#2414,#10,#7);
#2416=IFCEXTRUDEDAREASOLID(#2413,#2415,#9,0.29999999999999993);
#2417=IFCSTYLEDITEM(#2416,(#2366),$);
#2418=IFCSHAPEREPRESENTATION(#24,'Body','SweptSolid',(#2416));
#2419=IFCPRODUCTDEFINITIONSHAPE($,$,(#2418));
#2420=IFCSLAB('35nurmKjD58BHZDp_RRFrw',#18,'Piso:Gen\X\E9rico 300 mm:483468',$,'Piso:Gen\X\E9rico 300 mm',#2410,#2419,'483468',.FLOOR.);
#2421=IFCMATERIALLAYERSETUSAGE(#2378,.AXIS3.,.POSITIVE.,0.);
#2422=IFCPROPERTYSET('2Li9ivHUIk64YtG9rY$qRv',#18,'Pset_QuantityTakeOff',$,(#2380));
#2423=IFCPROPERTYSINGLEVALUE('Reference',$,IFCLABEL('Gen\X\E9rico 300 mm'),$);
#2424=IFCPROPERTYSET('1epZlp9Xp2EiGdnf4UyJY1',#18,'Pset_ReinforcementBarPitchOfSlab',$,(#2423));
#2425=IFCPROPERTYSET('1Doghm6nPcdmcWQG0EFvQC',#18,'Pset_SlabCommon',$,(#83,#84,#2380,#2384));
#2426=IFCRELDEFINESBYPROPERTIES('1Xx3jtjcRCc7PQzpRXXpRg',#18,$,$,(#2420),#2422);
#2427=IFCRELDEFINESBYPROPERTIES('0zmR9C2pfKSE4Nj13EzuU0',#18,$,$,(#2420),#2424);
#2428=IFCRELDEFINESBYPROPERTIES('1$6y9MIGUxWlX3DWT7GvFI',#18,$,$,(#2420),#2425);
#2429=IFCAXIS2PLACEMENT3D(#3,$,$);
#2430=IFCLOCALPLACEMENT(#38,#2429);
#2431=IFCCARTESIANPOINT((0.,-3.3306690738754696E-16));
#2432=IFCAXIS2PLACEMENT2D(#2431,#11);
#2433=IFCRECTANGLEPROFILEDEF(.AREA.,$,#2432,3.4500000014901961,3.1519999998544677);
#2434=IFCCARTESIANPOINT((-1.6191483844145733,3.2236477391782317,0.));
#2435=IFCAXIS2PLACEMENT3D(#2434,#10,#7);
#2436=IFCEXTRUDEDAREASOLID(#2433,#2435,#9,0.29999999999999993);
#2437=IFCSTYLEDITEM(#2436,(#2366),$);
#2438=IFCSHAPEREPRESENTATION(#24,'Body','SweptSolid',(#2436));
#2439=IFCPRODUCTDEFINITIONSHAPE($,$,(#2438));
#2440=IFCSLAB('35nurmKjD58BHZDp_RRFrQ',#18,'Piso:Gen\X\E9rico 300 mm:483500',$,'Piso:Gen\X\E9rico 300 mm',#2430,#2439,'483500',.FLOOR.);
#2441=IFCMATERIALLAYERSETUSAGE(#2378,.AXIS3.,.POSITIVE.,0.);
#2442=IFCPROPERTYSET('3uGTCWl6yrceEOj404tbuN',#18,'Pset_QuantityTakeOff',$,(#2380));
#2443=IFCPROPERTYSINGLEVALUE('Reference',$,IFCLABEL('Gen\X\E9rico 300 mm'),$);
#2444=IFCPROPERTYSET('39zcDvssYkYN70fOzfAI_J',#18,'Pset_ReinforcementBarPitchOfSlab',$,(#2443));
#2445=IFCPROPERTYSET('3BbqKpXfhzolewy$BJdJT1',#18,'Pset_SlabCommon',$,(#83,#84,#2380,#2384));
#2446=IFCRELDEFINESBYPROPERTIES('1HAfLs9Szj3qnE3Q0Gyn2w',#18,$,$,(#2440),#2442);
#2447=IFCRELDEFINESBYPROPERTIES('2I7WQR46VzwgPWjb9BEffP',#18,$,$,(#2440),#2444);
#2448=IFCRELDEFINESBYPROPERTIES('3czeYuoxXjgqhhjIhQqAc4',#18,$,$,(#2440),#2445);
#2449=IFCPROPERTYSINGLEVALUE('AboveGround',$,IFCLOGICAL(.U.),$);
#2450=IFCPROPERTYSET('1jbAX8YT4xx9sGysA7Rlv7',#18,'Pset_BuildingStoreyCommon',$,(#2449));
#2451=IFCRELDEFINESBYPROPERTIES('3HmYeU3bLTD3OAvCpu5$36',#18,$,$,(#36),#2450);
#2452=IFCRELCONTAINEDINSPATIALSTRUCTURE('35nurmKjD58BHZDpwRRCNV',#18,$,$,(#1761,#1797,#1866,#1937,#2006,#2034,#2069,#2104,#2173,#2193,#2214,#2233,#2252,#2271,#2290,#2309,#2328,#2347),#36);
#2453=IFCPROPERTYSET('2FpkwSYp_WPXHXSnB$WXnQ',#18,'Pset_BuildingStoreyCommon',$,(#2449));
#2454=IFCRELDEFINESBYPROPERTIES('2lSNXjGSsDeAQi9xx0QS91',#18,$,$,(#39),#2453);
#2455=IFCRELCONTAINEDINSPATIALSTRUCTURE('1qv6ynVKX7xf87anO8vNi1',#18,$,$,(#80,#111,#138,#165,#192,#219,#246,#273,#300,#406,#525,#652,#779,#881,#1023,#1154,#2370,#2400,#2420,#2440),#39);
#2456=IFCPROPERTYSET('3YbViPlCmt$6JvhxxkVq3q',#18,'Pset_BuildingStoreyCommon',$,(#2449));
#2457=IFCRELDEFINESBYPROPERTIES('0mxirAbkN2rgQssadNtef7',#18,$,$,(#43),#2456);
#2458=IFCRELCONTAINEDINSPATIALSTRUCTURE('1qv6ynVKX7xf87anO8vN2n',#18,$,$,(#1186,#1287,#1324,#1362,#1439,#1560,#1691),#43);
#2459=IFCRELAGGREGATES('1SpJuTOEUMwJ2ijfU0X7Yw',#18,$,$,#27,(#46));
#2460=IFCRELAGGREGATES('0plHDL6SIzGsJRWR2I7lED',#18,$,$,#46,(#32));
#2461=IFCRELAGGREGATES('3mQBaTfuH9QBHDcYQBQvNl',#18,$,$,#32,(#36,#39,#43));
#2462=IFCPROPERTYSINGLEVALUE('NumberOfStoreys',$,IFCINTEGER(3),$);
#2463=IFCPROPERTYSINGLEVALUE('IsLandmarked',$,IFCLOGICAL(.U.),$);
#2464=IFCPROPERTYSET('08fL7lvCQ$D8vUK9V7rof0',#18,'Pset_BuildingCommon',$,(#2462,#2463));
#2465=IFCRELDEFINESBYPROPERTIES('0UmX$7hKKmtYGE_Xoxv45m',#18,$,$,(#32),#2464);
#2466=IFCRELASSOCIATESMATERIAL('2Qof6AIs5kX$KWBS801sjt',#18,$,$,(#2370),#2379);
#2467=IFCRELASSOCIATESMATERIAL('0DMR9r5gRdpREUWsjDBQcV',#18,$,$,(#2400),#2401);
#2468=IFCRELASSOCIATESMATERIAL('3a$CvfHShbzJzMk31Lxn2q',#18,$,$,(#2420),#2421);
#2469=IFCRELASSOCIATESMATERIAL('0o9iQhVgiTMVxqzS5n0Btn',#18,$,$,(#2440),#2441);
#2470=IFCRELASSOCIATESMATERIAL('1XSK7HtAuE_CD014yrrLg2',#18,$,$,(#68,#80,#105,#111,#132,#138,#159,#165,#186,#192,#213,#219,#240,#246,#267,#273,#294,#300,#406,#525,#652,#779,#881,#1023,#1145,#1154,#1186,#1287,#1324,#1362,#1439,#1560,#1682,#1691,#1754,#1761,#1790,#1797,#1859,#1866,#1930,#1937,#1999,#2006,#2027,#2034,#2062,#2069,#2097,#2104,#2166,#2173,#2194),#69);
#2471=IFCRELASSOCIATESMATERIAL('2xQMdl_$UXlnyKKZOEO55d',#18,$,$,(#2371),#2378);
#2472=IFCRELDEFINESBYTYPE('2YDpEAYVQOC6qoLoJGOHL0',#18,$,$,(#80),#68);
#2473=IFCRELDEFINESBYTYPE('2x8$9qJ0fEYhGe9yNNdpfD',#18,$,$,(#111),#105);
#2474=IFCRELDEFINESBYTYPE('3WeDSJyp5grrpaM6oyPatG',#18,$,$,(#138),#132);
#2475=IFCRELDEFINESBYTYPE('05K7bTjCv7sWc7pP3KdtKf',#18,$,$,(#165),#159);
#2476=IFCRELDEFINESBYTYPE('0FwY54c9I3_KZ5sAhpCjlc',#18,$,$,(#192),#186);
#2477=IFCRELDEFINESBYTYPE('2FjaCkNhpfsMPpXjE6znw9',#18,$,$,(#219),#213);
#2478=IFCRELDEFINESBYTYPE('2HG9nrxjSiAuOHTPLWOrOk',#18,$,$,(#246),#240);
#2479=IFCRELDEFINESBYTYPE('1p___vpLcjTwOM_ob5McjG',#18,$,$,(#273),#267);
#2480=IFCRELDEFINESBYTYPE('1kNzv0Lgfl28zn2Ybn5Vnt',#18,$,$,(#300),#294);
#2481=IFCRELDEFINESBYTYPE('1QnPN9H9ei0geITu99Lk9N',#18,$,$,(#406,#525,#652,#779,#881,#1023,#1186,#1287,#1324,#1362,#1439,#1560),#407);
#2482=IFCRELDEFINESBYTYPE('18RrGNpKTxk$0m5EqdfPXd',#18,$,$,(#1154),#1145);
#2483=IFCRELDEFINESBYTYPE('3otEUa8BVBKz6l36hrDIO3',#18,$,$,(#1691),#1682);
#2484=IFCRELDEFINESBYTYPE('3pOHJ$qnbo8hivFPXGMFbR',#18,$,$,(#1761),#1754);
#2485=IFCRELDEFINESBYTYPE('0nkWbQkrfZ5EVz$JburKkC',#18,$,$,(#1797),#1790);
#2486=IFCRELDEFINESBYTYPE('0unKrI2zEJmoWM89jbfsnH',#18,$,$,(#1866),#1859);
#2487=IFCRELDEFINESBYTYPE('15EUy15MI8$GjAPqQnXqGE',#18,$,$,(#1937),#1930);
#2488=IFCRELDEFINESBYTYPE('3qm7addpZFncfJQ05TECPX',#18,$,$,(#2006),#1999);
#2489=IFCRELDEFINESBYTYPE('1dWbY5EnpPk4wkKtvEXpBx',#18,$,$,(#2034),#2027);
#2490=IFCRELDEFINESBYTYPE('1OYDNP2NuQ1dQOtibcK4LP',#18,$,$,(#2069),#2062);
#2491=IFCRELDEFINESBYTYPE('2d8yjrbmA5bEdLvZkXYpkS',#18,$,$,(#2104),#2097);
#2492=IFCRELDEFINESBYTYPE('0Bu0WoqfY2QuLszTVXiOyV',#18,$,$,(#2173),#2166);
#2493=IFCRELDEFINESBYTYPE('3pNZ_RzKl9GIrMrBd6z_Tr',#18,$,$,(#2193,#2214,#2233,#2252,#2271,#2290,#2309,#2328,#2347),#2194);
#2494=IFCRELDEFINESBYTYPE('0dswSPQXlg4SHVK1CFcMyU',#18,$,$,(#2370,#2400,#2420,#2440),#2371);
#2495=IFCPRESENTATIONLAYERASSIGNMENT('S-COLS-____-OTLN',$,(#65,#76,#102,#107,#129,#134,#156,#161,#183,#188,#210,#215,#237,#242,#264,#269,#291,#296,#1751,#1756,#1787,#1792,#1856,#1861,#1927,#1932,#1996,#2001,#2024,#2029,#2059,#2064,#2094,#2099,#2163,#2168),$);
#2496=IFCPRESENTATIONLAYERASSIGNMENT('S-BEAM-____-OTLN',$,(#399,#404,#518,#523,#645,#650,#772,#777,#874,#879,#1018,#1021,#1132,#1140,#1147,#1149,#1181,#1184,#1280,#1285,#1319,#1322,#1357,#1360,#1432,#1437,#1553,#1558,#1669,#1677,#1684,#1686),$);
#2497=IFCPRESENTATIONLAYERASSIGNMENT('S-FNDN-____-OTLN',$,(#2191,#2212,#2231,#2250,#2269,#2288,#2307,#2326,#2345),$);
#2498=IFCPRESENTATIONLAYERASSIGNMENT('A-FLOR-____-OTLN',$,(#2368,#2398,#2418,#2438),$);
#2499=IFCUNITASSIGNMENT((#19,#58,#59));
ENDSEC;

END-ISO-10303-21;